                    Ministério da Educação																									
                         Instituto Nacional de Estudos e Pesquisas Educacionais Anísio Teixeira																									
																									
                                                                                  Média de Alunos por Turma - Brasil, Regiões Geográficas e Unidades da Federação - 2024																									
Média de Alunos por Turma da Educação Básica - Ensino Infantil (Creche, Pré-Escola), Ensino Fundamental e Ensino Médio, por Localização e Dependência Administrativa - Brasil, Regiões Geográficas e Unidades da Federação - 2024																									
Ano	Unidade Geográfica	Localização	Dependência Administrativa	 Média de Alunos por Turma / Etapas de Ensino																					
				Educação Infantil			                             Ensino Fundamental													Ensino Médio					
				Total 1	Creche	Pré-Escola	Total	Anos Iniciais	Anos Finais	1º Ano	2° ano	 3° ano	 4° ano	 5° ano	 6° ano	7° ano	 8° ano	9° ano	Turmas Multietapa, Multi ou Correção de Fluxo 2	Total 	1ª série	2ª série	3ª série	4ª série	Não-Seriado
NU_ANO_CENSO	UNIDGEO	NO_CATEGORIA	NO_DEPENDENCIA	ED_INF_CAT_0	CRE_CAT_0	PRE_CAT_0	FUN_CAT_0	FUN_AI_CAT_0	FUN_AF_CAT_0	FUN_01_CAT_0	FUN_02_CAT_0	FUN_03_CAT_0	FUN_04_CAT_0	FUN_05_CAT_0	FUN_06_CAT_0	FUN_07_CAT_0	FUN_08_CAT_0	FUN_09_CAT_0	MULT_ETA_CAT_0	MED_CAT_0	MED_01_CAT_0	MED_02_CAT_0	MED_03_CAT_0	MED_04_CAT_0	MED_NS_CAT_0
2024	Brasil	Total	Total	15,4	13,7	17,3	22,4	20,9	25,9	19,6	20,2	21,3	21,9	21,9	25,5	26,1	26,0	25,9	13,9	28,9	30,6	28,8	27,5	21,3	21,8
2024	Brasil	Urbana	Total	15,6	13,6	17,7	23,8	21,7	27,1	20,3	20,8	22,1	22,6	22,8	26,6	27,2	27,2	27,3	16,4	29,6	31,2	29,4	28,2	21,4	23,6
2024	Brasil	Rural	Total	14,3	14,0	14,5	16,0	15,9	18,5	14,9	15,6	16,2	16,7	16,3	18,8	18,9	18,3	17,8	13,6	21,0	22,8	21,2	19,3	19,9	14,2
2024	Brasil	Total	Federal	12,3	10,0	14,6	26,0	22,1	28,0	18,6	22,1	23,0	24,1	23,0	27,1	28,2	28,8	27,8	--	30,5	34,3	31,0	28,1	23,3	27,6
2024	Brasil	Urbana	Federal	12,6	10,3	14,7	26,0	22,1	28,0	18,6	22,1	23,0	24,1	23,0	27,1	28,2	28,8	27,8	--	30,6	34,5	31,2	28,1	23,0	27,4
2024	Brasil	Rural	Federal	9,3	7,3	13,5	--	--	--	--	--	--	--	--	--	--	--	--	--	30,4	33,3	30,0	27,7	30,3	28,8
2024	Brasil	Total	Estadual	15,8	10,4	16,4	26,1	22,8	28,1	21,8	22,3	23,0	23,2	23,4	27,5	28,3	28,4	28,4	12,8	29,2	31,0	29,1	27,7	19,9	20,1
2024	Brasil	Urbana	Estadual	18,3	11,7	18,8	27,4	23,8	29,0	22,9	23,2	24,1	24,2	24,5	28,2	29,1	29,2	29,3	16,4	30,0	31,8	29,9	28,5	20,1	23,5
2024	Brasil	Rural	Estadual	9,7	9,4	9,7	14,7	12,7	17,3	11,9	12,6	12,9	13,1	13,0	17,3	17,7	17,3	17,1	11,4	20,3	22,1	20,7	18,8	16,9	12,8
2024	Brasil	Total	Municipal	17,1	15,3	18,7	22,4	22,2	25,3	20,7	21,5	22,5	23,2	23,2	25,4	25,7	25,2	24,8	14,1	26,0	28,2	25,7	24,3	21,3	39,7
2024	Brasil	Urbana	Municipal	17,6	15,4	19,6	24,6	23,4	27,5	21,8	22,5	23,9	24,4	24,7	27,4	27,9	27,5	27,2	17,8	28,0	30,5	28,0	26,1	21,5	--
2024	Brasil	Rural	Municipal	14,4	14,1	14,6	16,2	16,2	18,7	15,2	15,9	16,4	17,1	16,6	19,1	19,1	18,6	17,9	13,9	15,8	16,9	14,3	15,1	20,5	39,7
2024	Brasil	Total	Privada	12,3	11,3	13,7	19,0	17,0	23,0	16,1	16,1	17,4	17,8	17,8	22,6	22,9	23,2	23,5	11,7	26,9	27,6	26,8	26,7	18,5	21,2
2024	Brasil	Urbana	Privada	12,3	11,3	13,7	19,0	17,0	23,0	16,2	16,1	17,4	17,8	17,8	22,6	22,9	23,2	23,5	11,8	27,0	27,6	26,8	26,8	20,1	21,3
2024	Brasil	Rural	Privada	14,0	13,5	14,5	17,3	15,4	21,3	14,4	14,6	15,9	16,4	16,2	19,9	21,2	21,8	22,2	10,7	23,6	25,8	24,6	21,5	17,1	6,8
2024	Brasil	Total	Pública	17,1	15,3	18,7	23,3	22,3	26,6	20,8	21,6	22,6	23,2	23,2	26,3	26,8	26,7	26,5	14,0	29,3	31,1	29,1	27,6	21,5	22,0
2024	Brasil	Urbana	Pública	17,6	15,4	19,6	25,4	23,5	28,2	22,0	22,6	23,9	24,4	24,7	27,8	28,5	28,4	28,3	17,3	30,0	31,9	29,9	28,4	21,4	24,8
2024	Brasil	Rural	Pública	14,3	14,0	14,5	16,0	15,9	18,4	14,9	15,6	16,2	16,7	16,3	18,8	18,9	18,3	17,7	13,7	20,9	22,7	21,1	19,2	21,9	14,3
2024	Norte	Total	Total	17,2	16,2	18,0	21,4	21,4	24,7	20,0	20,7	21,8	22,4	22,3	24,5	24,9	24,5	24,7	14,2	27,5	28,8	27,2	26,3	16,7	13,1
2024	Norte	Urbana	Total	18,5	16,7	19,5	25,0	22,9	28,4	21,2	21,9	23,4	24,0	24,2	27,9	28,5	28,4	28,8	18,9	31,2	32,1	31,0	30,2	16,1	19,1
2024	Norte	Rural	Total	13,9	13,5	14,2	15,5	16,2	16,8	15,2	16,1	16,4	17,0	16,5	17,4	17,1	16,3	16,2	14,1	17,2	17,7	18,2	15,8	17,4	10,8
2024	Norte	Total	Federal	16,0	--	16,0	26,1	21,6	27,9	18,6	19,6	20,4	24,5	24,9	27,1	26,9	29,3	28,3	--	31,8	34,2	31,7	28,9	--	--
2024	Norte	Urbana	Federal	16,0	--	16,0	26,1	21,6	27,9	18,6	19,6	20,4	24,5	24,9	27,1	26,9	29,3	28,3	--	31,9	34,7	31,8	28,9	--	--
2024	Norte	Rural	Federal	--	--	--	--	--	--	--	--	--	--	--	--	--	--	--	--	30,7	31,9	31,1	28,7	--	--
2024	Norte	Total	Estadual	8,8	27,3	7,7	24,3	21,7	26,6	19,2	20,8	22,3	22,8	23,1	26,0	26,8	26,6	27,2	13,1	27,3	28,7	27,1	26,1	16,1	11,1
2024	Norte	Urbana	Estadual	24,8	27,3	23,6	28,0	25,0	29,3	22,1	23,8	25,8	26,2	26,5	28,6	29,4	29,3	29,7	21,5	31,4	32,3	31,2	30,4	16,1	16,5
2024	Norte	Rural	Estadual	5,8	--	5,7	13,4	10,7	15,4	9,5	10,3	11,1	11,1	11,5	15,3	15,5	15,2	15,7	12,0	16,9	17,3	17,9	15,5	--	11,0
2024	Norte	Total	Municipal	18,0	17,2	18,9	20,9	22,4	23,4	21,0	21,8	22,7	23,5	23,1	23,8	23,9	23,1	22,8	14,3	19,0	16,5	17,0	24,5	--	--
2024	Norte	Urbana	Municipal	19,9	18,1	21,0	25,6	24,3	29,0	22,7	23,3	24,9	25,4	25,7	28,8	29,4	28,9	29,1	18,1	25,2	28,0	24,5	24,5	--	--
2024	Norte	Rural	Municipal	14,0	13,5	14,3	15,8	17,0	17,2	16,0	16,9	17,1	17,9	17,2	18,0	17,6	16,7	16,3	14,2	3,5	5,0	2,0	--	--	--
2024	Norte	Total	Privada	13,0	11,7	13,9	18,6	16,4	23,3	15,6	15,7	16,6	17,2	17,3	23,1	22,9	23,4	23,9	10,0	28,0	28,4	28,0	28,4	17,4	17,7
2024	Norte	Urbana	Privada	13,0	11,7	13,9	18,5	16,4	23,3	15,6	15,7	16,6	17,1	17,2	23,1	22,9	23,5	23,9	10,0	28,5	28,9	28,4	28,9	--	19,3
2024	Norte	Rural	Privada	11,5	8,2	12,9	20,7	21,0	20,4	15,9	21,1	20,4	23,5	25,5	18,6	20,5	21,0	21,4	--	20,2	20,4	22,3	20,2	17,4	5,6
2024	Norte	Total	Pública	18,0	17,2	18,8	21,7	22,3	24,8	20,8	21,6	22,7	23,4	23,1	24,7	25,1	24,6	24,8	14,2	27,4	28,9	27,2	26,2	16,1	11,1
2024	Norte	Urbana	Pública	19,9	18,1	21,0	26,3	24,4	29,2	22,6	23,4	25,0	25,6	25,8	28,7	29,4	29,1	29,5	19,6	31,4	32,4	31,2	30,4	16,1	16,5
2024	Norte	Rural	Pública	13,9	13,5	14,2	15,5	16,2	16,8	15,2	16,1	16,4	16,9	16,4	17,4	17,1	16,3	16,1	14,1	17,1	17,6	18,1	15,7	--	11,0
2024	Nordeste	Total	Total	16,1	15,4	16,7	21,3	19,6	25,4	18,1	18,6	20,1	20,8	20,6	25,1	25,7	25,5	25,3	14,4	31,5	33,3	31,5	29,8	25,2	26,9
2024	Nordeste	Urbana	Total	16,5	15,6	17,1	23,0	20,4	27,0	18,8	19,2	21,0	21,6	21,6	26,6	27,2	27,1	27,2	17,9	32,0	33,7	32,0	30,4	26,6	26,9
2024	Nordeste	Rural	Total	15,0	14,8	15,3	17,1	16,7	20,2	15,5	16,2	17,0	17,7	17,2	20,3	20,6	20,1	19,5	14,1	26,7	29,2	26,3	24,5	19,2	26,6
2024	Nordeste	Total	Federal	17,5	16,2	18,3	24,5	19,3	26,4	18,8	18,8	19,6	19,4	19,5	26,7	26,9	27,5	24,5	--	32,1	35,5	31,9	29,7	27,3	32,3
2024	Nordeste	Urbana	Federal	17,5	16,2	18,3	24,5	19,3	26,4	18,8	18,8	19,6	19,4	19,5	26,7	26,9	27,5	24,5	--	32,1	35,5	32,1	29,7	27,1	32,3
2024	Nordeste	Rural	Federal	--	--	--	--	--	--	--	--	--	--	--	--	--	--	--	--	32,0	35,4	31,1	29,3	30,2	31,9
2024	Nordeste	Total	Estadual	10,2	10,8	9,9	26,7	19,2	29,5	16,8	17,9	19,4	21,0	20,3	28,6	29,8	29,7	29,7	16,7	32,1	34,0	32,1	30,3	23,2	26,2
2024	Nordeste	Urbana	Estadual	15,1	15,5	14,8	29,0	22,6	30,7	19,9	21,0	22,6	24,4	23,9	29,8	31,0	30,9	30,8	22,8	32,6	34,5	32,6	30,8	28,6	26,4
2024	Nordeste	Rural	Estadual	9,4	9,7	9,2	15,5	11,1	19,9	10,4	10,6	11,3	11,9	11,4	19,6	20,2	20,1	19,8	12,7	26,8	29,2	26,6	24,6	8,0	22,9
2024	Nordeste	Total	Municipal	17,3	17,0	17,9	22,0	21,2	25,6	19,4	20,2	21,6	22,5	22,3	25,6	26,0	25,6	25,3	14,4	20,9	24,3	19,3	18,7	22,7	39,7
2024	Nordeste	Urbana	Municipal	18,5	17,8	19,1	25,0	23,0	28,2	20,9	21,7	23,6	24,3	24,6	28,0	28,5	28,2	28,1	19,5	26,7	32,8	26,8	20,6	19,8	--
2024	Nordeste	Rural	Municipal	15,1	14,9	15,4	17,1	16,9	20,2	15,7	16,5	17,2	17,9	17,4	20,4	20,6	20,1	19,5	14,1	18,6	20,3	16,4	18,0	26,3	39,7
2024	Nordeste	Total	Privada	13,2	12,1	14,1	17,9	16,0	22,3	15,5	15,1	16,6	16,7	16,3	22,0	22,4	22,4	22,6	10,3	27,5	28,1	27,6	27,2	16,7	22,3
2024	Nordeste	Urbana	Privada	13,2	12,0	14,1	17,9	16,0	22,4	15,5	15,1	16,6	16,7	16,3	22,1	22,4	22,4	22,6	10,3	27,6	28,2	27,8	27,4	15,9	22,4
2024	Nordeste	Rural	Privada	14,4	14,1	14,8	15,6	14,2	19,7	13,3	13,3	15,0	15,1	14,6	18,5	20,0	20,3	20,3	9,4	22,2	25,5	22,6	19,7	17,0	13,0
2024	Nordeste	Total	Pública	17,3	16,9	17,8	22,4	21,1	26,1	19,3	20,2	21,6	22,4	22,2	25,9	26,5	26,2	26,0	14,5	32,1	34,0	32,0	30,2	26,5	27,8
2024	Nordeste	Urbana	Pública	18,5	17,8	19,1	25,4	23,0	28,6	20,9	21,7	23,6	24,3	24,5	28,2	28,9	28,7	28,6	20,3	32,6	34,5	32,6	30,8	27,1	27,9
2024	Nordeste	Rural	Pública	15,0	14,8	15,3	17,1	16,8	20,2	15,6	16,3	17,0	17,8	17,3	20,3	20,6	20,1	19,5	14,1	26,9	29,3	26,5	24,7	21,6	26,8
2024	Sudeste	Total	Total	15,1	13,0	17,6	23,7	21,8	27,2	20,5	21,0	22,1	22,6	22,8	26,7	27,3	27,4	27,3	12,5	29,3	31,0	29,1	27,9	23,8	18,1
2024	Sudeste	Urbana	Total	15,2	13,1	17,9	24,3	22,2	27,6	20,9	21,4	22,5	23,0	23,3	27,0	27,7	27,8	27,8	14,9	29,5	31,1	29,3	28,1	24,2	19,1
2024	Sudeste	Rural	Total	13,0	12,0	13,5	15,1	14,7	18,4	14,1	14,6	14,7	15,1	15,0	18,7	18,7	18,4	17,7	11,4	22,6	24,9	22,8	20,9	19,8	10,1
2024	Sudeste	Total	Federal	13,2	11,2	15,1	25,3	22,5	27,4	18,7	23,0	23,7	24,3	23,1	25,8	28,1	28,0	27,7	--	30,5	33,9	31,3	28,9	24,4	23,5
2024	Sudeste	Urbana	Federal	13,7	11,9	15,2	25,3	22,5	27,4	18,7	23,0	23,7	24,3	23,1	25,8	28,1	28,0	27,7	--	30,6	34,1	31,5	29,1	24,2	24,0
2024	Sudeste	Rural	Federal	9,3	7,3	13,5	--	--	--	--	--	--	--	--	--	--	--	--	--	29,9	33,1	30,5	27,5	32,0	15,7
2024	Sudeste	Total	Estadual	7,4	7,0	7,6	28,2	25,4	29,7	25,0	25,1	25,7	25,5	25,7	29,1	30,0	30,0	29,9	11,2	30,0	31,9	29,8	28,4	26,0	10,7
2024	Sudeste	Urbana	Estadual	8,9	7,5	11,5	28,6	25,8	30,1	25,4	25,5	26,1	25,9	26,1	29,4	30,3	30,3	30,3	12,9	30,3	32,1	30,0	28,7	26,0	11,3
2024	Sudeste	Rural	Estadual	5,8	4,0	5,8	16,3	13,2	20,0	12,7	13,0	13,0	14,0	13,2	20,2	20,1	20,2	19,4	9,4	21,5	23,6	21,7	20,0	--	9,1
2024	Sudeste	Total	Municipal	17,5	15,1	19,6	23,7	23,1	26,8	21,7	22,4	23,4	24,0	24,1	26,7	27,1	26,8	26,4	12,7	28,1	30,2	28,2	26,4	23,8	--
2024	Sudeste	Urbana	Municipal	17,8	15,3	20,1	24,7	23,8	27,6	22,4	23,0	24,1	24,7	24,9	27,5	27,9	27,7	27,4	16,7	28,3	30,3	28,3	26,5	23,8	--
2024	Sudeste	Rural	Municipal	13,1	12,0	13,6	14,7	14,7	17,3	14,2	14,7	14,8	15,1	15,0	17,8	17,8	17,2	16,3	11,7	16,5	17,8	16,6	15,5	--	--
2024	Sudeste	Total	Privada	11,8	11,1	13,3	19,4	17,3	23,2	16,2	16,3	17,6	18,1	18,5	22,7	23,0	23,4	23,6	14,0	26,0	26,8	25,9	25,5	21,9	20,2
2024	Sudeste	Urbana	Privada	11,8	11,1	13,2	19,4	17,3	23,2	16,2	16,3	17,6	18,1	18,5	22,7	23,1	23,4	23,6	14,0	26,0	26,8	25,9	25,5	24,3	20,2
2024	Sudeste	Rural	Privada	13,1	12,4	13,9	19,0	16,9	22,8	15,9	16,3	17,0	17,9	17,4	21,9	21,9	23,4	24,0	14,4	25,2	28,3	25,8	22,0	17,3	--
2024	Sudeste	Total	Pública	17,5	15,1	19,6	25,2	23,5	28,5	22,2	22,8	23,8	24,3	24,4	28,1	28,7	28,6	28,5	12,4	30,0	31,9	29,8	28,4	24,4	16,5
2024	Sudeste	Urbana	Pública	17,8	15,2	20,1	26,1	24,1	29,1	22,8	23,4	24,4	24,9	25,1	28,6	29,3	29,2	29,1	15,1	30,2	32,1	30,0	28,6	24,2	18,0
2024	Sudeste	Rural	Pública	13,0	11,9	13,4	14,9	14,6	18,2	14,1	14,5	14,6	15,0	14,9	18,6	18,5	18,2	17,4	11,3	22,4	24,6	22,6	20,8	32,0	10,1
2024	Sul	Total	Total	13,8	11,8	16,3	21,7	20,6	23,8	19,4	20,1	21,0	21,1	21,5	23,6	23,9	24,1	23,7	11,5	25,3	27,4	24,9	23,5	19,1	21,2
2024	Sul	Urbana	Total	13,9	11,8	16,6	22,7	21,3	24,7	20,1	20,8	21,8	21,8	22,4	24,5	24,7	25,1	24,7	13,8	25,6	27,8	25,2	23,9	19,0	21,2
2024	Sul	Rural	Total	12,2	10,7	12,7	13,7	13,8	14,8	13,2	13,8	14,2	14,3	13,7	15,3	15,3	14,7	13,8	11,0	18,6	20,3	18,5	16,8	20,3	--
2024	Sul	Total	Federal	8,2	5,6	11,2	27,5	22,4	29,1	18,3	23,5	24,0	23,0	23,3	28,9	29,4	30,1	27,9	--	27,8	33,7	30,0	24,0	18,4	14,8
2024	Sul	Urbana	Federal	8,2	5,6	11,2	27,5	22,4	29,1	18,3	23,5	24,0	23,0	23,3	28,9	29,4	30,1	27,9	--	27,5	33,7	30,1	23,5	18,0	14,8
2024	Sul	Rural	Federal	--	--	--	--	--	--	--	--	--	--	--	--	--	--	--	--	30,1	33,7	29,3	26,9	30,0	--
2024	Sul	Total	Estadual	9,7	13,2	9,6	23,0	19,9	24,7	18,8	19,4	20,5	20,1	20,7	24,1	24,6	25,3	25,0	10,8	24,6	26,9	24,2	22,6	19,4	56,3
2024	Sul	Urbana	Estadual	12,9	13,2	12,9	24,0	20,7	25,5	19,6	20,0	21,3	20,8	21,5	24,8	25,3	26,2	25,9	12,4	25,0	27,3	24,6	23,0	19,4	56,3
2024	Sul	Rural	Estadual	9,0	--	9,0	13,7	12,8	15,6	12,1	13,0	13,1	13,0	13,1	15,8	16,0	15,5	14,9	10,4	17,6	19,2	17,5	15,9	18,4	--
2024	Sul	Total	Municipal	14,6	12,3	17,3	21,0	21,0	22,1	19,8	20,6	21,4	21,5	21,9	22,8	22,6	21,9	20,8	11,9	19,3	22,7	17,5	18,1	16,7	--
2024	Sul	Urbana	Municipal	14,8	12,4	17,8	22,3	22,0	23,5	20,7	21,5	22,5	22,5	23,1	24,2	24,0	23,4	22,3	14,4	26,7	32,5	24,7	24,6	18,9	--
2024	Sul	Rural	Municipal	12,4	10,7	12,8	13,7	14,0	14,0	13,3	13,9	14,4	14,5	13,9	14,8	14,6	14,0	12,6	11,5	7,8	8,2	7,9	6,9	9,0	--
2024	Sul	Total	Privada	11,8	10,6	13,6	21,1	19,3	24,1	18,4	18,7	19,5	19,9	20,4	23,6	23,8	24,3	24,8	19,2	28,7	29,3	28,1	29,8	16,1	20,7
2024	Sul	Urbana	Privada	11,8	10,6	13,6	21,1	19,4	24,1	18,4	18,7	19,5	19,9	20,4	23,7	23,9	24,4	24,8	19,5	28,8	29,3	28,1	29,9	16,1	20,7
2024	Sul	Rural	Privada	11,8	11,2	13,0	16,8	15,1	19,9	16,9	14,1	14,9	14,7	14,9	19,8	18,4	17,9	23,9	15,8	26,8	25,7	29,1	25,9	--	--
2024	Sul	Total	Pública	14,6	12,3	17,2	21,8	20,8	23,8	19,6	20,4	21,3	21,3	21,7	23,6	23,9	24,1	23,5	11,4	24,7	27,1	24,4	22,7	19,1	23,1
2024	Sul	Urbana	Pública	14,8	12,4	17,8	23,0	21,8	24,9	20,5	21,2	22,2	22,2	22,8	24,6	24,9	25,2	24,7	13,4	25,1	27,5	24,8	23,1	19,0	23,1
2024	Sul	Rural	Pública	12,3	10,7	12,7	13,7	13,8	14,8	13,1	13,8	14,2	14,3	13,7	15,3	15,3	14,7	13,7	11,0	18,4	20,1	18,2	16,5	20,3	--
2024	Centro-Oeste	Total	Total	17,5	16,2	18,6	23,4	21,7	27,0	20,5	21,0	21,9	22,8	22,7	26,5	27,2	27,1	27,4	13,4	27,9	29,1	28,2	27,1	25,2	17,7
2024	Centro-Oeste	Urbana	Total	17,7	16,2	19,0	24,3	22,3	27,8	21,0	21,4	22,5	23,3	23,4	27,2	28,0	27,9	28,3	15,3	28,8	29,7	28,8	28,0	24,5	22,1
2024	Centro-Oeste	Rural	Total	14,1	13,9	14,2	15,7	15,9	17,6	14,8	15,8	16,2	16,7	16,0	17,7	18,4	17,3	16,8	13,1	17,9	20,2	19,0	16,7	29,8	13,9
2024	Centro-Oeste	Total	Federal	5,3	3,9	7,3	30,3	24,1	31,2	16,5	20,5	24,5	30,0	29,0	32,1	30,6	31,7	30,6	--	29,1	33,0	28,1	27,1	20,1	23,5
2024	Centro-Oeste	Urbana	Federal	5,3	3,9	7,3	30,3	24,1	31,2	16,5	20,5	24,5	30,0	29,0	32,1	30,6	31,7	30,6	--	29,3	33,8	28,5	27,6	20,1	17,5
2024	Centro-Oeste	Rural	Federal	--	--	--	--	--	--	--	--	--	--	--	--	--	--	--	--	28,2	30,4	26,9	25,1	--	35,1
2024	Centro-Oeste	Total	Estadual	18,8	14,4	18,9	26,0	20,6	28,8	19,7	19,9	20,1	21,4	21,7	28,2	29,0	28,8	29,1	13,8	27,9	29,1	28,3	27,1	29,9	16,1
2024	Centro-Oeste	Urbana	Estadual	19,0	16,5	19,0	27,0	21,0	29,4	20,0	20,2	20,4	21,9	22,2	28,9	29,5	29,4	29,8	17,3	29,0	30,0	29,1	28,0	29,9	21,5
2024	Centro-Oeste	Rural	Estadual	16,3	9,9	16,7	17,1	17,5	19,0	17,0	17,9	17,5	17,8	17,4	19,0	19,9	18,6	18,7	12,9	16,4	18,5	17,6	15,3	29,8	13,0
2024	Centro-Oeste	Total	Municipal	19,2	18,0	20,2	23,6	23,8	25,6	22,3	23,0	24,2	25,0	24,9	26,0	26,3	25,4	23,9	13,3	20,3	22,7	19,7	17,7	--	--
2024	Centro-Oeste	Urbana	Municipal	19,6	18,1	21,0	25,2	24,8	28,0	23,3	23,8	25,1	26,0	26,0	28,0	28,6	28,2	27,1	13,7	24,0	24,5	25,1	21,5	--	--
2024	Centro-Oeste	Rural	Municipal	13,9	14,1	13,9	15,0	15,4	15,9	14,3	15,2	15,8	16,4	15,6	16,6	16,6	15,7	14,5	13,2	14,1	19,0	11,0	12,0	--	--
2024	Centro-Oeste	Total	Privada	13,9	13,0	14,7	19,0	17,2	22,9	16,4	16,3	17,4	18,0	18,1	22,5	22,7	23,0	23,5	7,3	27,6	27,8	27,5	27,7	7,0	25,4
2024	Centro-Oeste	Urbana	Privada	13,9	13,0	14,7	19,0	17,2	22,9	16,4	16,3	17,4	18,0	18,1	22,5	22,6	23,0	23,5	7,3	27,6	27,8	27,5	27,8	7,0	25,4
2024	Centro-Oeste	Rural	Privada	14,3	13,8	15,0	21,2	16,7	26,9	14,9	14,5	17,4	18,1	19,3	22,9	31,4	27,5	24,9	--	26,7	28,2	28,4	23,4	--	--
2024	Centro-Oeste	Total	Pública	19,2	18,0	20,0	24,6	23,2	28,0	21,8	22,4	23,3	24,3	24,2	27,5	28,3	28,0	28,2	13,4	28,0	29,3	28,3	27,0	25,8	16,7
2024	Centro-Oeste	Urbana	Pública	19,6	18,1	20,7	26,0	24,0	29,1	22,7	23,2	24,2	25,2	25,2	28,6	29,3	29,2	29,4	15,8	29,0	30,1	29,1	28,0	25,2	20,9
2024	Centro-Oeste	Rural	Pública	14,1	13,9	14,2	15,6	15,9	17,4	14,8	15,8	16,2	16,7	16,0	17,7	18,2	17,1	16,7	13,1	17,6	19,9	18,7	16,5	29,8	13,9
2024	Rondônia	Total	Total	17,8	15,1	19,1	22,2	20,8	24,9	20,3	20,6	21,3	21,0	21,2	23,6	25,1	25,2	25,6	13,9	26,5	27,2	27,2	24,7	20,3	12,5
2024	Rondônia	Urbana	Total	17,9	15,2	19,5	24,0	22,1	26,6	21,5	21,6	22,8	22,4	22,6	25,4	26,6	26,9	27,4	20,0	27,3	27,9	28,0	25,6	--	12,5
2024	Rondônia	Rural	Total	16,6	11,9	16,8	15,5	15,3	17,0	15,0	16,1	15,4	15,4	14,5	15,7	17,8	17,4	17,2	13,0	18,4	19,7	19,1	15,8	20,3	--
2024	Rondônia	Total	Federal	--	--	--	--	--	--	--	--	--	--	--	--	--	--	--	--	34,3	37,9	33,7	30,6	--	--
2024	Rondônia	Urbana	Federal	--	--	--	--	--	--	--	--	--	--	--	--	--	--	--	--	35,6	40,2	35,0	31,1	--	--
2024	Rondônia	Rural	Federal	--	--	--	--	--	--	--	--	--	--	--	--	--	--	--	--	30,9	32,4	30,5	29,1	--	--
2024	Rondônia	Total	Estadual	15,0	--	15,0	24,2	16,9	26,2	14,9	16,1	17,4	17,0	18,3	24,6	26,4	26,7	27,1	11,9	26,0	26,6	26,8	24,2	--	--
2024	Rondônia	Urbana	Estadual	15,0	--	15,0	26,5	22,6	27,1	21,3	21,6	23,7	22,8	22,9	25,7	27,2	27,5	28,0	22,6	26,9	27,4	27,7	25,2	--	--
2024	Rondônia	Rural	Estadual	--	--	--	10,4	5,4	15,3	4,1	4,6	5,7	7,1	5,0	13,1	16,2	16,0	16,0	9,0	14,0	15,5	14,6	11,6	--	--
2024	Rondônia	Total	Municipal	18,8	16,1	20,0	21,2	21,8	19,2	21,2	21,5	22,4	22,2	22,0	19,7	19,9	18,7	18,1	15,2	--	--	--	--	--	--
2024	Rondônia	Urbana	Municipal	19,1	16,2	20,6	23,0	22,9	24,0	22,2	22,3	23,7	23,3	23,4	24,8	24,1	22,9	23,1	15,8	--	--	--	--	--	--
2024	Rondônia	Rural	Municipal	16,6	11,9	16,8	16,9	17,2	17,2	16,9	17,8	17,3	17,6	16,3	16,5	18,0	17,3	16,8	15,2	--	--	--	--	--	--
2024	Rondônia	Total	Privada	13,7	12,1	14,9	20,5	18,6	24,2	18,5	18,2	18,2	18,7	19,4	24,1	24,3	24,2	24,5	11,0	27,8	28,2	29,1	26,9	20,3	12,5
2024	Rondônia	Urbana	Privada	13,7	12,1	14,9	20,1	18,3	23,9	18,4	17,9	17,9	18,3	19,0	24,0	24,0	23,8	23,8	11,0	28,0	28,7	29,0	26,7	--	12,5
2024	Rondônia	Rural	Privada	--	--	--	28,3	27,4	29,2	22,3	29,6	28,4	28,6	30,4	25,6	28,7	30,4	32,1	--	27,0	25,8	30,0	28,4	20,3	--
2024	Rondônia	Total	Pública	18,8	16,1	19,9	22,5	21,2	25,0	20,6	21,0	21,8	21,4	21,4	23,6	25,2	25,3	25,7	13,9	26,4	27,2	27,1	24,5	--	--
2024	Rondônia	Urbana	Pública	19,0	16,2	20,6	24,6	22,9	26,9	22,1	22,3	23,7	23,2	23,4	25,6	26,9	27,3	27,8	20,2	27,3	27,9	27,9	25,5	--	--
2024	Rondônia	Rural	Pública	16,6	11,9	16,8	15,2	15,0	16,6	14,8	15,7	15,2	15,0	14,0	15,3	17,4	16,9	16,5	13,0	17,0	18,7	17,5	14,4	--	--
2024	Acre	Total	Total	16,8	18,2	16,2	20,2	22,0	23,8	20,7	21,4	22,3	22,7	23,0	24,2	23,8	23,4	23,6	13,0	22,4	22,8	23,9	22,5	--	11,1
2024	Acre	Urbana	Total	20,6	19,3	21,5	25,7	23,7	29,2	22,1	22,7	24,2	24,5	25,0	29,6	29,1	29,2	28,6	21,7	32,5	34,1	32,5	30,7	--	7,0
2024	Acre	Rural	Total	9,9	13,2	9,3	13,9	16,2	14,4	15,6	16,4	16,0	16,4	16,6	15,2	14,3	13,9	14,1	12,9	11,7	11,3	12,9	11,3	--	11,2
2024	Acre	Total	Federal	23,0	--	23,0	25,0	24,2	25,6	25,0	24,0	23,0	24,0	25,0	25,5	23,0	31,5	21,0	--	34,9	35,0	35,6	33,9	--	--
2024	Acre	Urbana	Federal	23,0	--	23,0	25,0	24,2	25,6	25,0	24,0	23,0	24,0	25,0	25,5	23,0	31,5	21,0	--	35,2	34,7	36,6	34,3	--	--
2024	Acre	Rural	Federal	--	--	--	--	--	--	--	--	--	--	--	--	--	--	--	--	34,1	35,8	33,2	32,8	--	--
2024	Acre	Total	Estadual	5,8	--	5,8	21,2	22,1	24,6	20,2	21,4	22,4	22,9	23,4	25,0	24,7	24,0	24,6	12,8	21,7	22,1	23,2	21,7	--	11,1
2024	Acre	Urbana	Estadual	--	--	--	27,6	24,7	30,0	22,5	23,4	25,2	25,9	26,3	30,6	29,9	29,9	29,5	22,0	32,7	34,4	32,7	30,8	--	7,0
2024	Acre	Rural	Estadual	5,8	--	5,8	13,5	13,5	14,7	12,4	13,9	13,3	13,8	14,2	15,1	14,7	14,1	14,8	12,5	11,3	10,8	12,4	10,9	--	11,2
2024	Acre	Total	Municipal	17,2	18,6	16,7	18,7	22,4	18,1	21,6	22,0	22,5	22,9	22,9	19,9	18,5	17,9	15,8	13,3	--	--	--	--	--	--
2024	Acre	Urbana	Municipal	21,2	19,8	22,1	23,9	23,8	25,6	22,8	23,2	24,1	24,4	24,5	26,0	27,1	25,9	22,6	20,6	--	--	--	--	--	--
2024	Acre	Rural	Municipal	10,3	13,2	9,7	14,5	18,3	13,3	17,9	18,3	18,1	18,6	18,4	15,6	13,1	12,6	11,7	13,2	--	--	--	--	--	--
2024	Acre	Total	Privada	14,2	11,6	15,4	20,8	18,9	24,2	17,0	17,3	20,0	19,4	21,6	23,3	23,5	25,3	24,6	--	29,2	30,3	29,0	28,2	--	--
2024	Acre	Urbana	Privada	14,2	11,6	15,4	20,8	18,9	24,2	17,0	17,3	20,0	19,4	21,6	23,3	23,5	25,3	24,6	--	29,2	30,3	29,0	28,2	--	--
2024	Acre	Total	Pública	16,9	18,6	16,2	20,2	22,2	23,7	21,0	21,7	22,5	22,9	23,1	24,3	23,9	23,2	23,5	13,0	22,1	22,6	23,7	22,2	--	11,1
2024	Acre	Urbana	Pública	21,2	19,8	22,1	26,2	24,2	29,6	22,7	23,3	24,6	25,1	25,4	30,2	29,7	29,6	29,0	21,7	32,9	34,4	32,9	31,0	--	7,0
2024	Acre	Rural	Pública	9,9	13,2	9,3	13,9	16,2	14,4	15,6	16,4	16,0	16,4	16,6	15,2	14,3	13,9	14,1	12,9	11,7	11,3	12,9	11,3	--	11,2
2024	Amazonas	Total	Total	17,1	15,4	18,2	21,8	23,0	25,4	21,4	22,4	23,5	23,7	23,9	25,1	25,9	25,2	25,5	13,3	26,6	28,8	25,9	24,8	--	18,0
2024	Amazonas	Urbana	Total	18,2	15,8	19,2	26,6	24,4	30,2	22,5	23,6	25,1	25,1	25,8	29,5	30,6	30,2	30,7	19,7	32,6	34,4	31,9	31,4	--	18,0
2024	Amazonas	Rural	Total	14,1	13,7	14,7	14,2	16,6	14,4	16,2	16,3	16,9	17,2	16,5	14,8	15,0	13,8	13,9	13,1	14,1	15,7	13,8	13,0	--	--
2024	Amazonas	Total	Federal	--	--	--	29,5	--	29,5	--	--	--	--	--	29,2	25,9	33,3	29,6	--	31,9	35,7	31,1	28,7	--	--
2024	Amazonas	Urbana	Federal	--	--	--	29,5	--	29,5	--	--	--	--	--	29,2	25,9	33,3	29,6	--	31,8	35,7	31,0	28,6	--	--
2024	Amazonas	Rural	Federal	--	--	--	--	--	--	--	--	--	--	--	--	--	--	--	--	32,3	35,9	31,4	29,1	--	--
2024	Amazonas	Total	Estadual	--	--	--	28,3	26,0	29,9	23,2	24,8	26,8	26,5	28,0	29,1	30,1	29,5	31,0	20,9	26,4	28,6	25,9	24,6	--	--
2024	Amazonas	Urbana	Estadual	--	--	--	30,4	27,3	32,8	24,2	26,3	28,1	27,9	29,2	31,8	33,0	32,8	33,4	21,3	33,2	34,9	32,6	31,8	--	--
2024	Amazonas	Rural	Estadual	--	--	--	13,5	12,7	13,7	11,4	10,7	12,6	12,5	15,8	13,0	13,8	13,0	15,2	16,5	13,9	15,5	13,6	12,8	--	--
2024	Amazonas	Total	Municipal	18,4	17,1	19,4	20,3	23,7	22,7	22,4	23,4	24,2	24,6	24,1	23,0	23,7	22,3	21,7	13,2	--	--	--	--	--	--
2024	Amazonas	Urbana	Municipal	20,3	18,2	21,1	27,0	26,0	29,6	24,3	25,3	26,6	26,7	27,2	29,1	30,3	29,6	29,6	19,2	--	--	--	--	--	--
2024	Amazonas	Rural	Municipal	14,1	13,7	14,7	14,2	17,0	14,5	16,6	17,0	17,3	17,8	16,5	15,2	15,3	14,0	13,6	13,1	--	--	--	--	--	--
2024	Amazonas	Total	Privada	11,7	10,4	12,5	17,6	15,9	22,1	15,2	15,5	16,5	16,2	16,1	22,3	22,0	22,0	22,3	13,5	25,9	27,9	24,4	26,7	--	18,0
2024	Amazonas	Urbana	Privada	11,7	10,4	12,5	17,6	15,9	22,1	15,2	15,5	16,5	16,2	16,1	22,3	21,9	22,0	22,2	13,5	25,9	27,8	24,3	26,7	--	18,0
2024	Amazonas	Rural	Privada	4,7	3,0	5,5	20,6	17,2	24,8	16,0	20,0	13,0	18,0	19,0	23,0	30,0	16,0	30,0	--	35,7	38,0	44,0	25,0	--	--
2024	Amazonas	Total	Pública	18,4	17,1	19,4	22,2	24,2	25,7	22,6	23,7	24,7	25,0	25,1	25,4	26,3	25,5	25,8	13,3	26,6	28,8	26,0	24,7	--	--
2024	Amazonas	Urbana	Pública	20,3	18,2	21,1	28,2	26,3	31,3	24,3	25,5	27,0	27,0	27,8	30,4	31,7	31,3	31,8	19,9	33,2	34,9	32,6	31,7	--	--
2024	Amazonas	Rural	Pública	14,1	13,7	14,7	14,2	16,6	14,4	16,2	16,3	16,9	17,2	16,5	14,8	15,0	13,8	13,9	13,1	14,1	15,7	13,7	12,9	--	--
2024	Roraima	Total	Total	18,7	18,2	19,1	20,9	21,2	22,0	20,7	20,5	21,6	22,0	21,6	22,7	21,8	21,9	21,7	15,5	22,7	23,5	21,7	22,8	6,0	8,5
2024	Roraima	Urbana	Total	20,3	19,3	20,9	24,9	23,6	27,0	23,0	22,5	23,9	24,5	24,6	27,0	26,5	27,2	27,1	23,1	27,7	28,3	26,6	28,5	--	8,5
2024	Roraima	Rural	Total	14,5	13,1	14,9	14,5	14,4	14,2	13,6	14,5	15,0	15,0	14,1	15,2	14,4	13,9	13,1	15,0	13,7	15,1	13,9	12,0	6,0	--
2024	Roraima	Total	Federal	--	--	--	24,3	24,0	24,5	25,0	24,0	23,0	24,0	24,0	24,0	25,0	24,0	25,0	--	28,5	29,0	30,3	26,5	--	--
2024	Roraima	Urbana	Federal	--	--	--	24,3	24,0	24,5	25,0	24,0	23,0	24,0	24,0	24,0	25,0	24,0	25,0	--	30,0	32,0	28,5	27,6	--	--
2024	Roraima	Rural	Federal	--	--	--	--	--	--	--	--	--	--	--	--	--	--	--	--	26,7	25,6	32,0	25,2	--	--
2024	Roraima	Total	Estadual	--	--	--	20,6	15,5	22,2	14,6	15,7	16,7	16,5	14,5	23,0	22,0	22,0	21,9	15,7	22,4	23,2	21,4	22,4	--	--
2024	Roraima	Urbana	Estadual	--	--	--	27,4	27,0	27,5	27,0	--	--	--	--	27,9	27,2	27,6	27,4	23,1	27,9	28,3	26,7	28,5	--	--
2024	Roraima	Rural	Estadual	--	--	--	14,7	15,5	14,4	14,3	15,7	16,7	16,5	14,5	15,5	14,5	14,0	13,4	15,0	13,2	14,3	13,5	11,4	--	--
2024	Roraima	Total	Municipal	19,4	19,5	19,7	21,4	22,2	16,7	21,9	21,3	22,3	22,9	22,7	18,6	16,6	15,8	12,8	15,1	--	--	--	--	--	--
2024	Roraima	Urbana	Municipal	21,9	21,5	22,0	24,3	24,4	21,4	24,1	23,2	24,5	25,2	25,2	21,6	20,8	21,7	21,3	23,3	--	--	--	--	--	--
2024	Roraima	Rural	Municipal	14,5	13,1	14,9	14,0	13,9	11,6	13,2	14,0	14,1	14,2	13,9	12,3	12,4	12,2	9,1	15,0	--	--	--	--	--	--
2024	Roraima	Total	Privada	14,8	15,2	14,3	20,0	17,7	25,0	15,4	16,6	19,0	18,8	19,5	25,6	23,9	25,5	25,3	--	24,0	24,6	24,0	28,3	6,0	8,5
2024	Roraima	Urbana	Privada	14,8	15,2	14,3	20,0	17,7	25,0	15,4	16,6	19,0	18,8	19,5	25,6	23,9	25,5	25,3	--	25,3	25,5	25,2	29,9	--	8,5
2024	Roraima	Rural	Privada	--	--	--	--	--	--	--	--	--	--	--	--	--	--	--	--	5,5	8,0	3,0	5,0	6,0	--
2024	Roraima	Total	Pública	19,4	19,5	19,7	21,0	21,5	21,9	21,2	20,8	21,8	22,2	21,7	22,5	21,7	21,7	21,5	15,5	22,6	23,5	21,6	22,5	--	--
2024	Roraima	Urbana	Pública	21,9	21,5	22,0	25,4	24,4	27,1	24,1	23,2	24,5	25,2	25,2	27,1	26,8	27,4	27,2	23,1	27,9	28,5	26,7	28,4	--	--
2024	Roraima	Rural	Pública	14,5	13,1	14,9	14,5	14,4	14,2	13,6	14,5	15,0	15,0	14,1	15,2	14,4	13,9	13,1	15,0	13,8	15,1	14,0	12,0	--	--
2024	Pará	Total	Total	17,0	16,1	17,8	21,4	21,1	24,6	19,2	20,1	21,3	22,5	22,2	24,7	24,9	24,4	24,6	15,3	30,1	31,4	29,7	29,3	16,1	23,7
2024	Pará	Urbana	Total	18,3	16,8	19,2	24,8	22,3	28,5	20,3	21,0	22,8	23,9	23,9	28,1	28,7	28,4	28,9	17,9	32,9	33,2	33,2	32,4	16,1	25,4
2024	Pará	Rural	Total	14,3	13,7	14,8	16,8	17,3	18,3	15,8	17,1	17,4	18,3	17,9	19,1	18,6	17,9	17,6	15,3	22,0	23,0	22,6	20,3	--	1,0
2024	Pará	Total	Federal	14,6	--	14,6	25,4	20,8	28,0	16,5	18,2	19,5	24,7	25,0	26,9	28,1	27,7	29,1	--	31,0	33,9	30,7	28,2	--	--
2024	Pará	Urbana	Federal	14,6	--	14,6	25,4	20,8	28,0	16,5	18,2	19,5	24,7	25,0	26,9	28,1	27,7	29,1	--	31,0	33,9	30,7	28,2	--	--
2024	Pará	Rural	Federal	--	--	--	--	--	--	--	--	--	--	--	--	--	--	--	--	31,2	34,3	30,0	29,3	--	--
2024	Pará	Total	Estadual	13,0	27,3	10,4	25,4	20,5	28,1	16,4	19,1	21,4	23,1	21,9	26,5	28,7	28,0	28,9	20,5	30,2	31,6	29,7	29,3	16,1	26,0
2024	Pará	Urbana	Estadual	26,9	27,3	26,7	27,0	22,0	29,9	17,9	20,4	22,9	24,8	23,4	28,2	30,5	29,9	30,8	22,0	33,4	33,7	33,7	32,9	16,1	26,0
2024	Pará	Rural	Estadual	4,0	--	4,0	15,2	4,5	18,3	3,2	4,2	5,1	5,0	5,0	17,4	18,8	18,3	18,7	11,1	22,1	23,2	22,6	20,3	--	--
2024	Pará	Total	Municipal	17,5	16,8	18,4	21,3	22,2	24,1	20,3	21,4	22,4	23,7	23,2	24,5	24,4	23,6	23,5	15,3	19,0	16,5	17,0	24,5	--	--
2024	Pará	Urbana	Municipal	19,6	17,8	20,7	26,2	24,4	29,4	22,2	23,0	24,9	26,0	26,1	29,3	29,6	29,1	29,4	16,9	25,2	28,0	24,5	24,5	--	--
2024	Pará	Rural	Municipal	14,4	13,7	14,9	16,9	17,6	18,3	16,2	17,4	17,7	18,7	18,1	19,2	18,6	17,8	17,5	15,3	3,5	5,0	2,0	--	--	--
2024	Pará	Total	Privada	13,6	12,4	14,3	18,5	16,1	23,6	15,3	15,1	16,2	17,1	17,0	23,3	23,1	23,8	24,3	10,9	29,2	28,7	29,6	29,7	--	23,6
2024	Pará	Urbana	Privada	13,7	12,4	14,3	18,5	16,1	23,7	15,3	15,1	16,2	17,1	17,0	23,3	23,1	23,9	24,4	10,9	29,8	29,4	30,2	30,2	--	25,3
2024	Pará	Rural	Privada	12,5	9,2	14,2	15,0	14,8	15,3	10,6	14,2	12,8	16,8	23,3	14,8	15,6	16,7	14,0	--	17,0	16,2	18,1	18,3	--	1,0
2024	Pará	Total	Pública	17,5	16,8	18,4	21,7	22,0	24,8	20,0	21,2	22,3	23,6	23,1	24,8	25,1	24,4	24,6	15,3	30,2	31,7	29,7	29,3	16,1	26,0
2024	Pará	Urbana	Pública	19,6	17,9	20,7	26,3	24,1	29,5	21,8	22,7	24,7	25,9	25,8	29,1	29,8	29,3	29,8	19,0	33,3	33,7	33,5	32,7	16,1	26,0
2024	Pará	Rural	Pública	14,3	13,7	14,8	16,8	17,3	18,3	15,8	17,1	17,4	18,3	17,9	19,1	18,6	17,9	17,6	15,3	22,1	23,2	22,6	20,4	--	--
2024	Amapá	Total	Total	16,1	13,5	17,2	20,5	19,6	24,3	19,0	19,4	19,7	19,9	19,9	24,6	24,3	24,3	24,1	10,1	27,2	28,8	26,4	26,5	--	5,8
2024	Amapá	Urbana	Total	17,1	13,6	18,4	24,2	22,2	27,5	21,3	21,5	22,6	22,4	23,1	27,5	27,6	27,3	27,4	11,3	30,1	31,4	29,2	29,5	--	--
2024	Amapá	Rural	Total	12,9	12,7	13,1	12,8	12,7	15,3	12,5	12,8	12,6	13,3	12,4	16,3	15,0	15,3	14,4	10,0	16,5	19,0	15,7	14,9	--	5,8
2024	Amapá	Total	Federal	--	--	--	--	--	--	--	--	--	--	--	--	--	--	--	--	33,4	36,6	32,9	29,7	--	--
2024	Amapá	Urbana	Federal	--	--	--	--	--	--	--	--	--	--	--	--	--	--	--	--	33,4	36,6	32,9	29,7	--	--
2024	Amapá	Total	Estadual	7,9	--	7,3	21,5	18,3	24,7	17,8	18,2	18,6	18,8	17,9	25,1	24,6	24,6	24,4	9,7	27,2	28,6	26,2	26,5	--	4,0
2024	Amapá	Urbana	Estadual	--	--	--	27,6	25,8	28,3	26,1	25,0	26,2	25,7	25,9	28,6	28,5	28,0	28,1	27,0	30,2	31,4	29,3	29,8	--	--
2024	Amapá	Rural	Estadual	7,9	--	7,3	12,5	10,1	15,8	9,1	9,6	10,4	11,0	10,2	16,7	15,5	15,9	15,2	9,6	16,8	19,0	15,8	15,1	--	4,0
2024	Amapá	Total	Municipal	17,6	15,3	18,6	20,1	21,3	23,1	20,9	21,1	21,2	21,4	21,7	23,6	24,0	21,7	22,2	10,5	--	--	--	--	--	--
2024	Amapá	Urbana	Municipal	19,1	15,9	20,2	23,2	23,0	25,2	22,6	22,5	23,4	23,0	23,9	24,7	26,0	23,6	27,2	17,8	--	--	--	--	--	--
2024	Amapá	Rural	Municipal	13,3	12,7	13,7	13,3	15,4	5,3	15,4	15,9	14,7	15,9	15,2	8,3	7,0	5,0	2,2	10,4	--	--	--	--	--	--
2024	Amapá	Total	Privada	10,5	8,8	11,4	17,1	15,1	21,9	13,4	14,7	15,4	16,0	16,6	20,8	21,3	23,4	22,3	4,5	25,4	27,6	25,3	25,2	--	6,8
2024	Amapá	Urbana	Privada	10,5	8,8	11,4	17,4	15,1	23,2	13,4	14,7	15,4	16,0	16,6	21,9	22,5	24,9	23,6	4,5	27,6	28,6	27,0	27,1	--	--
2024	Amapá	Rural	Privada	--	--	--	5,6	--	5,6	--	--	--	--	--	6,0	5,3	5,3	6,0	--	12,8	18,8	14,4	11,0	--	6,8
2024	Amapá	Total	Pública	17,4	15,3	18,3	20,9	20,3	24,6	20,0	20,1	20,3	20,5	20,3	25,0	24,6	24,4	24,3	10,2	27,4	28,9	26,5	26,6	--	4,0
2024	Amapá	Urbana	Pública	19,1	15,9	20,2	25,4	23,7	28,1	23,3	23,1	24,1	23,7	24,5	28,2	28,3	27,7	28,0	19,1	30,4	31,6	29,5	29,8	--	--
2024	Amapá	Rural	Pública	12,9	12,7	13,1	12,8	12,7	15,6	12,5	12,8	12,6	13,3	12,4	16,5	15,2	15,6	14,7	10,0	16,8	19,0	15,8	15,1	--	4,0
2024	Tocantins	Total	Total	18,3	17,2	19,3	21,6	20,8	24,6	19,7	20,1	21,3	21,6	21,7	24,0	24,6	24,7	24,9	11,1	25,1	27,3	23,9	23,6	--	20,0
2024	Tocantins	Urbana	Total	19,1	17,6	20,5	23,9	22,2	26,2	21,0	21,2	22,7	23,0	23,3	25,7	26,2	26,4	26,7	11,4	26,8	28,9	25,7	25,5	--	20,0
2024	Tocantins	Rural	Total	12,1	10,8	11,9	12,5	11,6	15,1	11,0	11,9	12,4	11,4	11,5	14,4	15,5	15,4	15,2	11,1	14,8	17,6	13,4	13,1	--	--
2024	Tocantins	Total	Federal	--	--	--	--	--	--	--	--	--	--	--	--	--	--	--	--	29,4	30,2	30,5	26,9	--	--
2024	Tocantins	Urbana	Federal	--	--	--	--	--	--	--	--	--	--	--	--	--	--	--	--	29,1	29,9	30,5	26,5	--	--
2024	Tocantins	Rural	Federal	--	--	--	--	--	--	--	--	--	--	--	--	--	--	--	--	30,1	31,4	30,3	28,3	--	--
2024	Tocantins	Total	Estadual	--	--	--	23,5	13,7	25,7	8,3	8,8	14,0	14,4	19,1	25,2	25,7	26,0	25,9	9,9	24,6	27,0	23,3	23,2	--	--
2024	Tocantins	Urbana	Estadual	--	--	--	26,6	25,5	26,7	--	--	27,2	24,3	25,6	26,3	26,5	27,0	26,8	7,0	26,6	28,8	25,4	25,2	--	--
2024	Tocantins	Rural	Estadual	--	--	--	12,7	9,3	17,3	8,3	8,8	10,3	8,9	10,7	15,6	18,0	17,4	18,1	10,0	13,5	16,3	12,0	11,9	--	--
2024	Tocantins	Total	Municipal	19,1	18,3	20,0	21,1	21,8	22,7	20,6	21,1	22,4	22,7	22,5	22,5	23,0	22,6	22,5	11,7	--	--	--	--	--	--
2024	Tocantins	Urbana	Municipal	20,2	18,8	21,6	23,7	23,1	26,5	21,8	22,1	23,8	24,0	24,2	25,7	26,7	26,8	27,3	14,3	--	--	--	--	--	--
2024	Tocantins	Rural	Municipal	12,0	10,8	11,8	12,1	12,0	13,1	11,7	12,5	12,7	11,8	11,4	13,3	13,6	13,2	12,3	11,6	--	--	--	--	--	--
2024	Tocantins	Total	Privada	13,6	11,5	15,3	19,2	17,4	23,1	16,8	17,0	17,3	18,2	18,1	22,9	22,8	22,6	24,4	--	28,8	29,4	28,6	28,4	--	20,0
2024	Tocantins	Urbana	Privada	13,6	11,5	15,3	19,1	17,4	23,0	16,9	16,9	17,2	18,0	18,0	22,8	22,7	22,4	24,3	--	28,7	29,3	28,5	28,4	--	20,0
2024	Tocantins	Rural	Privada	14,0	--	14,0	23,0	19,8	27,3	10,0	19,5	22,3	25,7	21,7	24,0	26,3	30,0	29,0	--	30,4	38,0	30,0	27,0	--	--
2024	Tocantins	Total	Pública	19,1	18,3	20,0	21,9	21,4	24,7	20,2	20,6	22,0	22,3	22,3	24,1	24,8	24,9	24,9	11,1	24,8	27,2	23,6	23,4	--	--
2024	Tocantins	Urbana	Pública	20,2	18,8	21,6	24,7	23,2	26,6	21,8	22,1	23,8	24,0	24,3	26,1	26,6	26,9	26,9	11,4	26,7	28,9	25,5	25,3	--	--
2024	Tocantins	Rural	Pública	12,0	10,8	11,8	12,3	11,4	14,9	11,0	11,6	12,2	11,0	11,3	14,2	15,3	15,1	14,9	11,1	14,6	17,5	13,2	12,9	--	--
2024	Maranhão	Total	Total	15,6	15,2	16,4	20,1	19,8	24,0	18,3	19,0	20,1	21,0	20,7	23,7	24,4	24,2	23,8	13,8	32,4	34,6	32,2	30,3	21,6	28,5
2024	Maranhão	Urbana	Total	16,6	15,8	17,4	23,4	21,1	26,7	19,6	20,0	21,5	22,1	22,5	26,1	26,8	27,0	26,9	18,4	34,0	36,0	33,9	32,0	21,7	28,0
2024	Maranhão	Rural	Total	14,1	13,9	14,6	16,2	16,6	19,4	15,3	16,4	16,7	18,1	16,9	19,4	20,0	19,5	18,6	13,7	25,9	28,9	25,2	23,3	21,3	33,0
2024	Maranhão	Total	Federal	--	--	--	19,4	19,1	19,5	20,0	16,0	20,0	20,0	19,3	20,0	20,5	20,0	17,5	--	36,3	39,3	35,6	34,3	26,7	35,6
2024	Maranhão	Urbana	Federal	--	--	--	19,4	19,1	19,5	20,0	16,0	20,0	20,0	19,3	20,0	20,5	20,0	17,5	--	36,3	39,0	36,0	34,4	26,7	35,6
2024	Maranhão	Rural	Federal	--	--	--	--	--	--	--	--	--	--	--	--	--	--	--	--	36,4	40,0	34,4	34,0	--	--
2024	Maranhão	Total	Estadual	15,8	16,0	14,0	21,9	14,4	29,5	15,0	14,5	16,1	15,0	12,5	27,7	28,8	30,8	30,2	14,5	33,2	35,6	32,9	31,0	--	--
2024	Maranhão	Urbana	Estadual	15,8	16,0	14,0	33,8	22,5	34,8	24,0	20,8	20,3	20,8	27,2	33,9	33,7	36,4	34,6	--	34,8	37,0	34,5	32,6	--	--
2024	Maranhão	Rural	Estadual	--	--	--	16,1	12,8	21,4	13,2	13,0	14,9	14,0	10,6	21,4	21,5	21,3	21,4	14,5	26,5	29,2	26,0	23,8	--	--
2024	Maranhão	Total	Municipal	16,2	16,0	17,0	20,5	20,7	24,3	19,1	19,9	20,9	22,0	21,5	24,1	24,8	24,5	23,9	13,8	20,3	24,1	18,8	17,4	18,2	39,7
2024	Maranhão	Urbana	Municipal	18,0	17,2	18,7	25,0	22,8	27,9	21,2	21,6	23,2	23,8	24,3	27,4	28,1	28,1	27,9	20,3	29,1	33,9	30,0	19,2	13,5	--
2024	Maranhão	Rural	Municipal	13,9	13,8	14,4	16,2	16,8	19,3	15,3	16,6	16,8	18,2	17,1	19,3	20,0	19,4	18,4	13,7	17,5	18,9	15,3	17,1	21,3	39,7
2024	Maranhão	Total	Privada	14,0	13,0	14,8	17,9	16,6	20,7	15,9	15,8	17,0	17,5	17,3	20,6	20,6	20,9	20,8	10,6	24,8	25,0	26,0	23,6	22,0	23,2
2024	Maranhão	Urbana	Privada	13,7	12,6	14,6	18,0	16,7	20,7	16,0	15,9	17,1	17,6	17,3	20,6	20,6	20,9	20,9	10,6	25,6	25,3	27,1	24,9	22,0	23,6
2024	Maranhão	Rural	Privada	15,2	14,5	15,7	16,6	15,3	20,3	14,6	14,1	16,0	16,4	16,1	20,3	19,8	21,3	19,8	11,5	18,8	23,2	18,3	13,8	--	13,0
2024	Maranhão	Total	Pública	16,2	16,0	17,0	20,5	20,6	24,5	19,1	19,9	20,9	21,9	21,4	24,2	24,9	24,7	24,2	13,8	33,1	35,5	32,7	30,9	21,4	36,4
2024	Maranhão	Urbana	Pública	18,0	17,2	18,7	25,1	22,8	28,1	21,2	21,6	23,2	23,8	24,3	27,5	28,2	28,3	28,2	20,3	34,8	37,1	34,5	32,6	21,4	35,6
2024	Maranhão	Rural	Pública	13,9	13,8	14,4	16,2	16,7	19,4	15,3	16,5	16,7	18,1	16,9	19,4	20,0	19,4	18,5	13,7	26,3	29,2	25,5	23,7	21,3	39,7
2024	Piauí	Total	Total	16,3	15,7	17,0	20,7	19,7	23,4	18,6	18,8	20,0	20,7	20,3	23,1	23,9	23,3	23,1	13,7	28,2	29,6	27,2	26,7	--	36,8
2024	Piauí	Urbana	Total	17,2	16,2	18,0	23,4	21,7	25,8	20,5	20,7	22,1	22,7	22,6	25,6	26,1	25,5	25,8	20,7	28,6	29,9	27,6	27,0	--	36,9
2024	Piauí	Rural	Total	14,1	14,1	14,1	15,1	14,4	17,3	13,5	13,8	14,6	15,2	14,9	17,0	18,1	17,6	16,3	12,8	24,0	25,7	22,5	22,0	--	35,8
2024	Piauí	Total	Federal	--	--	--	--	--	--	--	--	--	--	--	--	--	--	--	--	36,2	37,6	34,2	32,1	--	37,1
2024	Piauí	Urbana	Federal	--	--	--	--	--	--	--	--	--	--	--	--	--	--	--	--	36,2	37,3	34,0	31,0	--	37,2
2024	Piauí	Rural	Federal	--	--	--	--	--	--	--	--	--	--	--	--	--	--	--	--	36,9	40,0	35,8	40,7	--	35,8
2024	Piauí	Total	Estadual	--	--	--	26,2	23,0	26,4	17,5	19,6	21,2	24,4	25,0	27,4	26,7	25,6	26,4	--	27,7	29,5	27,0	26,3	--	--
2024	Piauí	Urbana	Estadual	--	--	--	26,4	23,0	26,6	17,5	19,6	21,2	24,4	25,0	28,2	27,0	25,9	26,6	--	28,1	29,8	27,4	26,8	--	--
2024	Piauí	Rural	Estadual	--	--	--	13,4	--	13,4	--	--	--	--	--	11,3	13,3	11,5	16,6	--	22,9	25,1	22,1	21,4	--	--
2024	Piauí	Total	Municipal	16,7	16,3	17,3	20,6	20,1	23,1	18,9	19,2	20,4	21,2	20,8	23,2	23,8	23,1	22,3	13,7	--	--	--	--	--	--
2024	Piauí	Urbana	Municipal	18,0	17,2	18,8	24,4	23,1	26,5	21,6	22,0	23,5	24,2	24,1	26,5	27,0	26,4	26,2	21,1	--	--	--	--	--	--
2024	Piauí	Rural	Municipal	14,1	14,1	14,1	15,1	14,4	17,3	13,5	13,8	14,6	15,2	14,9	17,0	18,1	17,6	16,3	12,8	--	--	--	--	--	--
2024	Piauí	Total	Privada	14,4	12,4	15,7	19,7	18,0	22,7	17,6	17,2	18,4	18,6	18,2	21,9	22,6	22,7	23,9	10,9	28,4	29,2	27,8	28,5	--	14,0
2024	Piauí	Urbana	Privada	14,4	12,4	15,7	19,7	18,0	22,7	17,6	17,2	18,4	18,6	18,2	21,9	22,6	22,7	23,9	10,9	28,5	29,2	27,8	28,5	--	14,0
2024	Piauí	Rural	Privada	--	--	--	24,5	--	24,5	--	--	--	--	--	28,0	22,0	24,0	24,0	--	22,7	27,0	17,0	24,0	--	--
2024	Piauí	Total	Pública	16,7	16,3	17,3	20,9	20,1	23,5	18,9	19,2	20,4	21,2	20,8	23,4	24,1	23,4	22,9	13,7	28,2	29,7	27,2	26,5	--	37,1
2024	Piauí	Urbana	Pública	18,0	17,2	18,8	24,5	23,1	26,6	21,6	21,9	23,4	24,2	24,2	26,6	27,0	26,3	26,3	21,1	28,6	30,0	27,6	26,8	--	37,2
2024	Piauí	Rural	Pública	14,1	14,1	14,1	15,1	14,4	17,3	13,5	13,8	14,6	15,2	14,9	17,0	18,1	17,6	16,3	12,8	24,0	25,6	22,6	22,0	--	35,8
2024	Ceará	Total	Total	16,4	15,6	17,1	22,1	20,4	25,6	18,4	19,5	21,0	21,7	21,5	24,7	25,6	26,1	26,1	14,6	35,6	36,5	35,8	34,6	16,3	22,1
2024	Ceará	Urbana	Total	16,5	15,7	17,3	23,5	21,1	27,5	19,1	20,0	21,8	22,6	22,6	26,6	27,5	28,0	27,9	13,3	35,8	36,7	36,1	34,9	16,3	22,1
2024	Ceará	Rural	Total	15,9	15,4	16,5	17,8	17,5	19,5	16,0	17,5	17,7	18,3	18,0	18,7	19,5	20,0	20,0	14,8	32,0	34,0	31,7	30,2	--	--
2024	Ceará	Total	Federal	14,0	14,0	14,0	28,9	--	28,9	--	--	--	--	--	28,7	29,5	30,8	27,0	--	29,8	32,8	31,2	27,9	--	25,7
2024	Ceará	Urbana	Federal	14,0	14,0	14,0	28,9	--	28,9	--	--	--	--	--	28,7	29,5	30,8	27,0	--	30,6	34,0	32,4	29,2	--	25,7
2024	Ceará	Rural	Federal	--	--	--	--	--	--	--	--	--	--	--	--	--	--	--	--	23,0	26,3	22,6	18,0	--	--
2024	Ceará	Total	Estadual	10,4	10,7	10,2	17,7	13,5	23,6	12,6	13,7	13,5	14,4	13,4	18,6	23,9	24,3	25,6	8,3	36,7	37,7	36,8	35,4	21,0	--
2024	Ceará	Urbana	Estadual	11,5	11,6	11,4	22,9	16,4	27,4	15,4	15,9	16,0	18,6	16,0	22,1	27,5	28,1	29,1	4,4	37,0	37,9	37,2	35,8	21,0	--
2024	Ceará	Rural	Estadual	9,8	10,2	9,6	11,7	11,3	14,5	10,3	11,9	11,7	11,1	11,4	13,7	15,9	15,7	12,8	9,3	32,4	34,4	32,1	30,6	--	--
2024	Ceará	Total	Municipal	17,8	17,2	18,4	23,6	22,1	26,7	19,6	21,3	22,8	23,7	23,4	25,9	26,6	27,2	27,1	15,0	--	--	--	--	--	--
2024	Ceará	Urbana	Municipal	18,6	18,0	19,1	26,2	23,9	29,6	21,0	22,7	24,8	25,7	25,6	29,0	29,6	30,1	29,7	15,4	--	--	--	--	--	--
2024	Ceará	Rural	Municipal	16,1	15,5	16,6	18,0	17,7	19,7	16,2	17,7	17,9	18,5	18,2	18,8	19,6	20,1	20,2	15,0	--	--	--	--	--	--
2024	Ceará	Total	Privada	13,2	12,3	14,1	18,1	16,4	21,8	15,8	15,6	16,8	17,0	16,8	21,1	22,0	21,9	22,3	9,4	28,0	28,4	28,4	28,5	7,0	18,4
2024	Ceará	Urbana	Privada	13,2	12,3	14,1	18,1	16,4	21,8	15,9	15,7	16,8	17,0	16,9	21,2	22,0	22,0	22,3	9,4	28,0	28,4	28,5	28,5	7,0	18,4
2024	Ceará	Rural	Privada	11,9	11,6	12,0	8,2	8,6	6,7	9,4	9,5	8,6	7,6	7,3	5,0	5,3	7,5	12,0	--	11,3	8,0	11,5	14,0	--	--
2024	Ceará	Total	Pública	17,7	17,2	18,3	23,5	22,0	26,6	19,6	21,2	22,7	23,6	23,3	25,8	26,6	27,2	27,1	14,7	36,5	37,6	36,7	35,3	21,0	25,7
2024	Ceará	Urbana	Pública	18,6	18,0	19,1	26,1	23,8	29,6	21,0	22,6	24,7	25,6	25,6	28,9	29,6	30,1	29,7	14,3	36,9	37,8	37,1	35,7	21,0	25,7
2024	Ceará	Rural	Pública	16,0	15,4	16,5	17,9	17,5	19,6	16,1	17,6	17,8	18,4	18,1	18,7	19,5	20,0	20,1	14,8	32,1	34,1	31,8	30,3	--	--
2024	Rio Grande do Norte	Total	Total	15,7	14,7	16,6	21,1	19,4	24,7	17,6	18,1	19,4	21,2	20,6	25,0	25,0	24,5	24,3	14,7	32,2	34,5	31,1	29,9	35,2	32,5
2024	Rio Grande do Norte	Urbana	Total	15,8	14,6	16,8	22,0	19,9	25,4	18,0	18,4	20,0	21,7	21,2	25,6	25,7	25,3	25,2	17,1	32,2	34,6	31,2	30,1	34,9	32,5
2024	Rio Grande do Norte	Rural	Total	15,3	14,9	16,0	17,3	17,0	20,6	15,8	16,2	16,7	18,4	17,8	21,6	21,2	20,1	19,0	14,2	30,7	32,6	30,4	27,3	39,2	--
2024	Rio Grande do Norte	Total	Federal	20,0	18,3	21,4	21,6	21,6	--	20,5	22,0	21,0	22,0	22,5	--	--	--	--	--	37,1	40,5	37,8	34,3	35,4	--
2024	Rio Grande do Norte	Urbana	Federal	20,0	18,3	21,4	21,6	21,6	--	20,5	22,0	21,0	22,0	22,5	--	--	--	--	--	37,2	40,7	38,2	34,5	35,1	--
2024	Rio Grande do Norte	Rural	Federal	--	--	--	--	--	--	--	--	--	--	--	--	--	--	--	--	36,1	38,7	34,8	32,6	39,2	--
2024	Rio Grande do Norte	Total	Estadual	--	--	--	24,9	22,2	26,9	19,7	20,5	22,3	24,6	23,3	26,9	27,6	26,4	26,6	18,7	32,3	35,1	31,1	30,0	--	--
2024	Rio Grande do Norte	Urbana	Estadual	--	--	--	25,5	22,6	27,4	20,0	20,9	22,9	25,1	23,8	27,4	28,1	27,1	27,1	21,8	32,5	35,2	31,1	30,1	--	--
2024	Rio Grande do Norte	Rural	Estadual	--	--	--	18,1	15,5	20,2	14,9	12,7	14,6	18,0	16,3	20,6	21,4	19,3	19,6	14,6	29,7	31,9	29,6	26,5	--	--
2024	Rio Grande do Norte	Total	Municipal	17,9	17,3	18,8	21,9	21,2	24,8	19,4	20,1	21,1	23,0	22,3	25,4	25,2	24,3	24,0	14,9	--	--	--	--	--	--
2024	Rio Grande do Norte	Urbana	Municipal	18,8	17,9	19,7	24,0	22,7	26,1	20,6	21,4	22,7	24,7	23,9	26,5	26,5	25,7	25,7	20,7	--	--	--	--	--	--
2024	Rio Grande do Norte	Rural	Municipal	15,4	15,1	16,1	17,4	17,3	20,7	16,2	16,6	17,0	18,7	18,2	21,9	21,2	20,3	18,9	14,2	--	--	--	--	--	--
2024	Rio Grande do Norte	Total	Privada	11,3	9,7	12,5	17,5	15,5	22,3	14,5	14,3	15,9	16,7	16,3	22,0	22,1	22,7	22,7	9,0	28,2	28,3	28,3	27,7	16,0	32,5
2024	Rio Grande do Norte	Urbana	Privada	11,3	9,7	12,6	17,6	15,6	22,4	14,6	14,4	16,0	16,8	16,4	22,1	22,1	22,7	22,7	8,9	28,3	28,4	28,4	27,8	16,0	32,5
2024	Rio Grande do Norte	Rural	Privada	11,1	11,3	11,4	10,5	9,2	16,8	8,1	9,2	9,9	10,3	8,9	12,2	19,8	16,8	22,5	9,6	12,0	9,0	19,0	8,0	--	--
2024	Rio Grande do Norte	Total	Pública	17,9	17,3	18,8	22,5	21,4	25,4	19,4	20,2	21,3	23,3	22,5	25,8	25,9	25,0	24,9	15,1	32,8	35,5	31,6	30,4	35,4	--
2024	Rio Grande do Norte	Urbana	Pública	18,8	17,9	19,7	24,4	22,7	26,6	20,5	21,3	22,8	24,7	23,9	26,8	27,0	26,2	26,2	20,9	32,9	35,6	31,7	30,5	35,1	--
2024	Rio Grande do Norte	Rural	Pública	15,4	15,1	16,1	17,4	17,3	20,6	16,2	16,4	16,9	18,6	18,1	21,7	21,2	20,2	19,0	14,2	31,0	33,0	30,6	27,8	39,2	--
2024	Paraíba	Total	Total	16,8	17,0	16,8	20,8	19,0	25,1	17,7	17,9	19,5	20,1	19,9	25,0	25,4	25,2	24,7	12,9	27,7	29,4	27,4	25,9	27,4	23,4
2024	Paraíba	Urbana	Total	17,4	17,4	17,4	22,1	19,7	25,8	18,3	18,5	20,4	20,8	20,8	25,6	26,1	25,9	25,4	11,9	27,9	29,7	27,6	26,1	27,4	23,4
2024	Paraíba	Rural	Total	14,4	15,0	14,3	15,5	14,9	20,2	14,1	14,4	15,1	15,8	15,5	20,4	20,2	20,5	19,5	13,1	23,8	25,2	23,2	22,3	--	--
2024	Paraíba	Total	Federal	16,8	14,8	17,9	17,0	17,0	--	16,5	17,0	18,0	16,5	17,0	--	--	--	--	--	35,6	37,7	35,1	34,6	29,1	--
2024	Paraíba	Urbana	Federal	16,8	14,8	17,9	17,0	17,0	--	16,5	17,0	18,0	16,5	17,0	--	--	--	--	--	35,8	37,7	35,3	35,1	29,1	--
2024	Paraíba	Rural	Federal	--	--	--	--	--	--	--	--	--	--	--	--	--	--	--	--	28,7	37,5	29,0	19,5	--	--
2024	Paraíba	Total	Estadual	13,1	14,3	12,2	23,3	19,1	24,5	16,7	17,5	19,3	20,3	20,7	24,4	24,7	24,7	24,2	5,8	27,2	29,1	26,7	25,4	--	16,5
2024	Paraíba	Urbana	Estadual	17,0	18,5	15,5	24,4	20,5	25,4	17,8	18,8	21,0	21,9	22,1	25,3	25,9	25,5	24,9	--	27,5	29,4	26,9	25,5	--	16,5
2024	Paraíba	Rural	Estadual	12,3	13,3	11,7	16,7	12,5	18,5	10,9	11,4	11,0	13,6	14,6	19,4	17,2	18,9	18,4	5,8	23,7	25,0	23,2	22,4	--	--
2024	Paraíba	Total	Municipal	18,4	19,2	18,2	21,7	20,7	25,9	18,9	19,5	21,1	22,0	21,8	25,9	26,3	25,9	25,4	13,2	21,0	30,0	16,3	16,5	17,0	--
2024	Paraíba	Urbana	Municipal	20,0	20,3	19,7	24,3	22,4	27,0	20,5	21,0	23,0	23,6	23,9	26,9	27,4	26,9	26,6	17,3	22,0	32,0	17,5	16,0	17,0	--
2024	Paraíba	Rural	Municipal	14,5	15,0	14,3	15,4	15,0	20,6	14,1	14,5	15,2	15,9	15,5	20,7	20,8	21,0	19,8	13,1	19,0	26,0	14,0	17,0	--	--
2024	Paraíba	Total	Privada	13,4	11,8	14,4	17,7	15,8	23,0	15,6	14,9	16,3	16,4	15,7	22,5	22,9	23,5	23,1	10,5	28,2	29,1	29,1	26,6	22,0	24,0
2024	Paraíba	Urbana	Privada	13,4	11,8	14,4	17,7	15,8	23,0	15,6	14,9	16,3	16,4	15,7	22,5	22,9	23,6	23,1	10,6	28,2	29,1	29,1	26,6	22,0	24,0
2024	Paraíba	Rural	Privada	12,1	11,2	12,6	13,7	13,9	15,2	16,0	11,8	15,3	13,3	13,0	17,7	20,7	9,5	14,5	7,3	--	--	--	--	--	--
2024	Paraíba	Total	Pública	18,4	19,2	18,2	21,9	20,6	25,6	18,9	19,4	21,1	21,9	21,8	25,7	26,0	25,6	25,1	13,2	27,6	29,5	27,1	25,8	27,9	16,5
2024	Paraíba	Urbana	Pública	20,0	20,3	19,7	24,3	22,3	26,6	20,4	20,8	22,9	23,5	23,8	26,6	27,1	26,6	26,1	17,3	27,9	29,8	27,3	26,0	27,9	16,5
2024	Paraíba	Rural	Pública	14,4	15,0	14,3	15,5	15,0	20,2	14,1	14,4	15,1	15,8	15,5	20,5	20,2	20,6	19,6	13,1	23,8	25,2	23,2	22,3	--	--
2024	Pernambuco	Total	Total	15,9	14,5	16,8	22,7	20,1	28,0	18,5	18,8	20,8	21,2	21,1	27,6	28,3	28,1	27,9	15,1	33,3	35,5	33,3	31,3	16,0	23,1
2024	Pernambuco	Urbana	Total	16,0	14,5	17,0	23,6	20,4	28,9	18,8	19,0	21,2	21,5	21,5	28,4	29,2	29,1	29,1	14,4	33,9	36,0	34,0	31,9	16,8	23,4
2024	Pernambuco	Rural	Total	15,3	14,1	15,9	19,1	18,5	23,3	17,0	17,7	19,1	19,4	19,2	23,5	23,9	23,3	22,6	15,2	26,7	29,4	26,3	24,8	13,6	20,6
2024	Pernambuco	Total	Federal	--	--	--	28,2	--	28,2	--	--	--	--	--	28,0	29,0	29,3	26,6	--	26,1	31,0	26,8	23,9	17,7	24,4
2024	Pernambuco	Urbana	Federal	--	--	--	28,2	--	28,2	--	--	--	--	--	28,0	29,0	29,3	26,6	--	25,6	30,8	26,6	23,0	17,1	25,9
2024	Pernambuco	Rural	Federal	--	--	--	--	--	--	--	--	--	--	--	--	--	--	--	--	27,6	31,8	27,6	26,4	21,2	21,5
2024	Pernambuco	Total	Estadual	11,5	11,8	11,3	30,0	13,1	32,7	12,2	13,0	13,2	14,1	13,1	31,5	33,0	33,5	32,7	10,8	34,3	36,4	34,3	32,0	9,9	25,7
2024	Pernambuco	Urbana	Estadual	21,3	20,8	21,8	34,5	25,5	34,6	24,8	24,5	24,8	27,4	26,2	33,3	34,9	35,4	34,6	10,0	35,0	37,1	35,0	32,7	15,3	26,2
2024	Pernambuco	Rural	Estadual	10,8	11,1	10,6	16,9	12,0	22,0	11,2	11,8	12,1	12,9	12,1	21,7	22,8	22,4	21,3	10,8	26,7	29,5	26,5	24,6	7,9	18,7
2024	Pernambuco	Total	Municipal	17,5	16,2	18,4	23,8	22,4	28,3	20,3	21,1	23,1	23,6	23,9	28,4	28,8	28,2	27,7	15,6	21,1	21,3	19,3	23,5	--	--
2024	Pernambuco	Urbana	Municipal	18,2	16,7	19,2	25,7	23,4	29,9	21,1	21,8	24,2	24,7	25,2	29,8	30,3	29,8	29,4	17,0	--	--	--	--	--	--
2024	Pernambuco	Rural	Municipal	15,6	14,2	16,4	19,4	19,1	23,6	17,6	18,2	19,6	20,0	19,9	23,9	24,2	23,5	22,9	15,6	21,1	21,3	19,3	23,5	--	--
2024	Pernambuco	Total	Privada	13,6	12,5	14,5	18,5	16,5	23,6	16,1	15,3	17,2	17,4	16,6	23,3	23,6	23,6	24,0	10,4	28,9	30,3	28,7	28,3	11,0	17,4
2024	Pernambuco	Urbana	Privada	13,6	12,3	14,5	18,5	16,5	23,6	16,1	15,3	17,2	17,4	16,6	23,3	23,7	23,6	24,0	10,4	29,0	30,4	28,9	28,3	11,0	17,4
2024	Pernambuco	Rural	Privada	14,9	15,3	13,5	16,7	15,5	20,5	13,8	15,0	16,5	17,1	15,3	20,3	20,8	20,5	20,3	--	18,8	20,8	14,4	22,7	--	--
2024	Pernambuco	Total	Pública	17,4	16,1	18,3	24,5	22,2	29,4	20,2	20,9	22,9	23,5	23,7	29,2	29,8	29,6	29,1	15,3	33,9	36,2	34,0	31,7	16,1	25,4
2024	Pernambuco	Urbana	Pública	18,2	16,7	19,2	26,7	23,4	31,1	21,1	21,8	24,2	24,7	25,2	30,7	31,5	31,3	30,9	16,9	34,7	36,9	34,8	32,5	16,9	26,1
2024	Pernambuco	Rural	Pública	15,3	13,9	16,0	19,1	18,6	23,4	17,1	17,8	19,2	19,5	19,4	23,5	24,0	23,4	22,7	15,2	26,8	29,6	26,5	24,8	13,6	20,6
2024	Alagoas	Total	Total	16,9	16,6	17,2	23,2	20,1	29,4	18,3	19,0	20,6	21,4	21,6	29,2	29,7	29,1	29,8	15,9	35,4	36,9	35,2	34,3	29,3	17,4
2024	Alagoas	Urbana	Total	17,0	16,6	17,4	24,4	20,7	30,3	18,7	19,6	21,2	22,1	22,6	30,0	30,5	30,1	30,7	20,7	35,6	37,0	35,4	34,5	30,2	17,4
2024	Alagoas	Rural	Total	16,6	16,6	16,7	19,8	18,1	25,9	17,1	17,0	18,6	19,2	18,6	25,9	26,2	25,5	26,0	15,1	33,1	35,8	32,0	31,2	9,0	--
2024	Alagoas	Total	Federal	--	--	--	--	--	--	--	--	--	--	--	--	--	--	--	--	29,5	31,6	32,0	28,7	7,0	16,8
2024	Alagoas	Urbana	Federal	--	--	--	--	--	--	--	--	--	--	--	--	--	--	--	--	29,5	31,6	32,0	28,7	7,0	16,8
2024	Alagoas	Total	Estadual	13,8	14,3	13,6	29,6	21,4	33,0	18,5	20,5	22,0	23,0	23,0	32,5	32,4	33,5	33,4	19,1	37,9	39,4	37,3	36,8	30,3	--
2024	Alagoas	Urbana	Estadual	17,8	16,7	19,0	31,3	23,3	34,1	20,1	22,1	24,0	24,8	25,7	33,6	33,6	34,5	34,5	26,6	38,2	39,6	37,7	37,2	31,4	--
2024	Alagoas	Rural	Estadual	12,1	11,4	12,3	14,5	12,8	16,8	12,0	12,6	12,2	15,5	11,5	15,1	15,6	18,7	17,8	9,8	33,5	36,1	32,3	31,6	9,0	--
2024	Alagoas	Total	Municipal	18,4	18,1	18,7	24,5	22,0	30,9	20,1	20,7	22,5	23,6	23,6	30,9	31,4	30,3	30,8	16,1	--	--	--	--	--	--
2024	Alagoas	Urbana	Municipal	19,3	18,8	19,8	27,1	23,9	32,8	21,4	22,4	24,3	25,6	26,1	32,7	33,4	32,2	32,7	23,6	--	--	--	--	--	--
2024	Alagoas	Rural	Municipal	16,7	16,7	16,9	20,0	18,3	26,3	17,4	17,2	18,8	19,4	18,9	26,4	26,7	25,8	26,5	15,2	--	--	--	--	--	--
2024	Alagoas	Total	Privada	12,0	10,6	13,0	17,5	15,2	22,7	14,4	14,5	15,5	15,9	16,1	22,3	22,5	22,6	23,6	11,7	26,8	27,3	26,9	26,2	--	20,8
2024	Alagoas	Urbana	Privada	12,1	10,6	13,1	17,6	15,3	22,7	14,5	14,5	15,6	15,9	16,1	22,3	22,5	22,6	23,6	12,3	26,9	27,4	27,0	26,3	--	20,8
2024	Alagoas	Rural	Privada	7,7	7,9	7,6	13,3	11,6	24,4	8,6	10,7	13,2	15,2	16,8	25,5	24,0	24,0	24,0	7,7	11,7	14,0	15,0	6,0	--	--
2024	Alagoas	Total	Pública	18,3	18,1	18,6	25,0	22,0	31,2	20,0	20,7	22,5	23,5	23,5	31,1	31,6	30,8	31,4	16,1	37,1	38,8	36,9	36,0	29,3	16,8
2024	Alagoas	Urbana	Pública	19,3	18,8	19,8	27,7	23,8	33,1	21,3	22,4	24,3	25,6	26,1	32,9	33,4	32,7	33,2	23,8	37,4	39,0	37,2	36,3	30,2	16,8
2024	Alagoas	Rural	Pública	16,7	16,7	16,8	19,8	18,2	25,9	17,3	17,1	18,6	19,3	18,7	25,9	26,2	25,5	26,1	15,2	33,5	36,1	32,3	31,6	9,0	--
2024	Sergipe	Total	Total	16,3	15,4	17,0	21,3	19,3	25,0	18,0	18,1	19,4	20,5	20,4	25,0	25,6	24,8	24,4	17,2	31,6	33,0	31,3	31,5	--	26,1
2024	Sergipe	Urbana	Total	16,5	15,4	17,2	22,4	20,0	26,1	18,7	18,6	20,3	21,2	21,3	25,9	26,7	26,0	25,5	21,8	31,9	33,3	31,6	31,8	--	26,7
2024	Sergipe	Rural	Total	15,9	15,5	16,2	17,9	16,9	21,0	15,7	16,3	16,5	18,1	17,7	21,8	21,7	20,5	19,9	14,7	26,7	29,1	27,0	26,1	--	20,1
2024	Sergipe	Total	Federal	--	--	--	29,5	--	29,5	--	--	--	--	--	30,0	30,0	29,0	29,0	--	27,9	33,6	25,3	23,4	--	--
2024	Sergipe	Urbana	Federal	--	--	--	29,5	--	29,5	--	--	--	--	--	30,0	30,0	29,0	29,0	--	28,5	35,4	24,5	23,4	--	--
2024	Sergipe	Rural	Federal	--	--	--	--	--	--	--	--	--	--	--	--	--	--	--	--	26,9	30,5	26,6	23,3	--	--
2024	Sergipe	Total	Estadual	--	--	--	26,0	23,5	27,8	21,3	22,5	22,9	24,7	24,4	26,8	28,0	28,0	28,4	22,7	32,8	34,2	32,8	32,9	--	26,3
2024	Sergipe	Urbana	Estadual	--	--	--	26,4	23,8	28,3	21,6	23,0	23,4	24,9	24,7	27,3	28,6	28,4	28,9	23,0	33,2	34,6	33,2	33,4	--	27,0
2024	Sergipe	Rural	Estadual	--	--	--	18,0	14,9	19,6	13,3	10,5	10,7	19,5	17,5	18,3	18,2	21,2	20,7	14,0	26,7	28,8	27,1	26,9	--	20,1
2024	Sergipe	Total	Municipal	17,8	17,3	18,3	21,6	20,6	24,7	19,0	19,7	20,7	21,9	21,6	25,2	25,6	24,4	23,1	15,2	--	--	--	--	--	--
2024	Sergipe	Urbana	Municipal	18,8	18,0	19,4	24,3	22,8	27,0	20,9	21,4	23,4	24,2	24,3	27,2	27,9	27,0	25,4	20,7	--	--	--	--	--	--
2024	Sergipe	Rural	Municipal	16,0	15,7	16,3	18,0	17,0	21,2	15,8	16,5	16,7	18,3	17,8	22,0	21,9	20,5	19,9	14,7	--	--	--	--	--	--
2024	Sergipe	Total	Privada	13,5	11,5	14,6	18,1	16,1	22,6	16,0	14,8	16,2	16,7	16,8	22,7	23,3	22,4	21,8	9,6	26,5	27,2	26,0	26,7	--	22,6
2024	Sergipe	Urbana	Privada	13,5	11,6	14,6	18,1	16,1	22,6	16,0	14,8	16,3	16,8	16,9	22,7	23,4	22,4	21,9	9,6	26,5	27,2	26,0	26,7	--	22,6
2024	Sergipe	Rural	Privada	12,9	10,3	14,9	15,2	14,1	19,3	14,6	13,3	14,2	13,2	14,9	21,3	20,3	18,0	17,8	--	--	--	--	--	--	--
2024	Sergipe	Total	Pública	17,8	17,3	18,3	22,6	21,0	25,7	19,2	20,0	21,0	22,4	22,1	25,7	26,3	25,6	25,2	17,3	32,6	34,2	32,5	32,6	--	26,3
2024	Sergipe	Urbana	Pública	18,8	18,0	19,4	24,9	23,0	27,6	21,0	21,7	23,4	24,4	24,4	27,2	28,2	27,7	27,1	22,5	33,1	34,6	32,9	33,1	--	27,0
2024	Sergipe	Rural	Pública	16,0	15,7	16,3	18,0	17,0	21,1	15,8	16,4	16,6	18,3	17,8	21,8	21,7	20,6	20,0	14,7	26,7	29,1	27,0	26,1	--	20,1
2024	Bahia	Total	Total	15,9	15,4	16,2	20,6	18,9	24,5	17,5	18,1	19,5	19,8	19,7	24,5	24,8	24,3	24,4	14,9	28,7	30,5	29,0	26,9	20,4	26,1
2024	Bahia	Urbana	Total	16,2	15,6	16,7	22,3	19,7	26,2	18,1	18,8	20,5	20,7	20,8	26,0	26,5	26,1	26,4	19,4	29,0	30,8	29,3	27,3	21,6	26,1
2024	Bahia	Rural	Total	14,8	14,8	14,8	16,8	16,2	19,5	15,1	15,6	16,5	17,0	16,6	20,2	19,9	19,2	18,7	14,4	24,8	27,0	25,0	22,7	17,9	26,5
2024	Bahia	Total	Federal	--	--	--	26,2	--	26,2	--	--	--	--	--	29,3	26,0	27,8	22,5	--	29,3	34,8	28,7	26,7	21,9	28,0
2024	Bahia	Urbana	Federal	--	--	--	26,2	--	26,2	--	--	--	--	--	29,3	26,0	27,8	22,5	--	28,7	34,4	28,1	26,0	21,9	28,0
2024	Bahia	Rural	Federal	--	--	--	--	--	--	--	--	--	--	--	--	--	--	--	--	34,1	37,7	33,2	31,4	--	--
2024	Bahia	Total	Estadual	6,1	5,9	6,2	28,5	7,9	30,9	7,2	7,4	8,6	7,7	8,8	28,4	31,5	31,3	32,0	25,2	28,9	30,8	29,3	26,9	--	26,2
2024	Bahia	Urbana	Estadual	--	--	--	31,3	18,6	31,8	16,8	15,0	19,0	20,8	21,3	29,3	32,3	32,1	32,9	25,2	29,3	31,2	29,8	27,3	--	26,2
2024	Bahia	Rural	Estadual	6,1	5,9	6,2	11,3	7,2	17,5	6,5	6,9	7,9	6,8	7,9	15,8	18,3	16,3	19,1	25,8	24,5	26,5	24,5	22,2	--	26,5
2024	Bahia	Total	Municipal	17,1	16,8	17,4	21,3	20,5	24,4	18,9	19,7	20,9	21,6	21,4	24,8	24,7	24,1	23,9	14,8	22,3	24,4	20,9	20,9	32,0	--
2024	Bahia	Urbana	Municipal	18,3	17,6	18,8	24,2	22,4	26,9	20,4	21,3	23,0	23,5	23,8	27,0	27,2	26,7	26,8	19,7	23,9	29,0	23,0	21,9	27,5	--
2024	Bahia	Rural	Municipal	15,0	15,0	15,0	16,9	16,4	19,6	15,4	15,9	16,7	17,3	16,8	20,3	19,9	19,2	18,6	14,4	21,4	22,9	19,7	20,0	41,0	--
2024	Bahia	Total	Privada	13,1	12,2	13,7	17,2	15,2	21,8	14,6	14,6	16,0	15,7	15,3	21,8	21,9	21,7	21,9	10,3	26,9	27,5	26,8	27,1	16,3	24,9
2024	Bahia	Urbana	Privada	13,1	12,2	13,7	17,2	15,2	21,9	14,6	14,6	16,0	15,7	15,3	21,9	21,9	21,7	21,9	10,4	27,1	27,4	26,8	27,3	7,5	24,9
2024	Bahia	Rural	Privada	12,1	10,3	13,0	16,8	15,0	20,6	14,5	13,5	16,1	15,4	15,6	18,2	20,7	22,3	21,3	9,8	25,2	28,6	27,3	24,4	17,0	--
2024	Bahia	Total	Pública	17,0	16,8	17,4	21,6	20,4	25,1	18,8	19,6	20,8	21,4	21,3	25,1	25,4	24,9	25,0	15,0	28,9	30,9	29,3	26,8	22,4	26,3
2024	Bahia	Urbana	Pública	18,3	17,6	18,8	24,6	22,4	27,6	20,4	21,3	23,0	23,5	23,8	27,3	27,9	27,5	27,9	20,8	29,3	31,3	29,7	27,3	22,1	26,3
2024	Bahia	Rural	Pública	14,9	14,9	14,8	16,8	16,2	19,5	15,1	15,6	16,5	17,0	16,6	20,3	19,9	19,2	18,6	14,4	24,8	26,9	24,7	22,6	41,0	26,5
2024	Minas Gerais	Total	Total	15,4	14,0	16,7	21,5	19,7	25,2	19,0	19,1	19,8	20,1	20,4	25,0	25,3	25,3	25,2	10,2	27,7	29,4	27,7	25,7	7,9	21,7
2024	Minas Gerais	Urbana	Total	15,7	14,0	17,3	22,8	20,6	26,1	19,8	19,9	20,7	21,0	21,4	25,9	26,2	26,2	26,2	11,0	28,0	29,7	28,0	26,0	7,9	22,2
2024	Minas Gerais	Rural	Total	11,5	11,9	11,4	11,7	11,2	14,2	11,1	11,2	11,2	11,0	11,6	14,3	14,1	14,4	14,1	10,0	20,3	21,9	20,3	18,8	--	15,7
2024	Minas Gerais	Total	Federal	13,0	12,5	13,3	22,6	21,5	23,2	18,4	22,6	22,9	23,6	21,0	20,4	23,9	24,5	23,8	--	30,5	33,4	30,1	28,9	7,9	15,7
2024	Minas Gerais	Urbana	Federal	13,0	12,5	13,3	22,6	21,5	23,2	18,4	22,6	22,9	23,6	21,0	20,4	23,9	24,5	23,8	--	30,9	33,8	30,3	29,3	7,9	--
2024	Minas Gerais	Rural	Federal	--	--	--	--	--	--	--	--	--	--	--	--	--	--	--	--	29,1	32,0	29,7	27,7	--	15,7
2024	Minas Gerais	Total	Estadual	7,1	--	6,8	24,7	21,0	27,0	20,5	20,4	21,3	21,2	21,5	26,7	27,2	27,1	27,2	9,4	27,9	29,6	27,8	25,8	--	23,6
2024	Minas Gerais	Urbana	Estadual	3,7	--	3,7	25,5	21,6	27,6	21,1	21,0	21,9	21,8	22,1	27,2	27,8	27,6	27,7	9,8	28,2	29,9	28,1	26,1	--	23,6
2024	Minas Gerais	Rural	Estadual	7,2	--	7,0	12,5	11,3	15,1	11,1	11,4	11,1	11,5	11,7	15,1	14,9	15,1	15,2	9,1	17,4	18,4	17,4	16,2	--	--
2024	Minas Gerais	Total	Municipal	16,1	14,8	17,2	20,1	19,9	22,9	19,2	19,4	20,0	20,3	20,6	23,4	23,2	22,8	22,3	10,4	28,3	30,3	28,0	26,7	--	--
2024	Minas Gerais	Urbana	Municipal	16,6	14,9	18,0	21,9	21,2	24,7	20,4	20,6	21,3	21,7	22,0	25,1	24,9	24,6	24,2	11,9	29,3	31,4	29,1	27,6	--	--
2024	Minas Gerais	Rural	Municipal	11,6	11,8	11,5	11,5	11,2	13,9	11,0	11,2	11,2	11,0	11,6	14,0	13,9	14,0	13,5	10,2	11,5	12,0	12,0	10,3	--	--
2024	Minas Gerais	Total	Privada	13,6	12,5	15,2	19,7	17,6	23,5	17,0	16,5	17,7	18,2	18,6	22,8	23,2	24,1	23,9	13,4	25,9	26,9	26,2	24,7	--	22,1
2024	Minas Gerais	Urbana	Privada	13,6	12,5	15,2	19,8	17,6	23,5	17,0	16,5	17,7	18,2	18,6	22,9	23,3	24,1	23,9	13,4	25,9	26,9	26,3	24,8	--	22,1
2024	Minas Gerais	Rural	Privada	15,2	14,5	15,9	13,3	11,6	14,4	11,9	12,0	10,8	11,8	11,2	9,7	8,4	18,8	20,5	--	23,9	25,5	24,1	21,0	--	--
2024	Minas Gerais	Total	Pública	16,1	14,8	17,2	21,9	20,1	25,5	19,4	19,6	20,2	20,6	20,8	25,4	25,7	25,6	25,5	10,2	28,0	29,7	27,9	25,9	7,9	20,1
2024	Minas Gerais	Urbana	Pública	16,6	14,9	18,0	23,4	21,3	26,6	20,5	20,7	21,4	21,7	22,0	26,4	26,8	26,6	26,6	10,9	28,3	30,1	28,2	26,2	7,9	23,6
2024	Minas Gerais	Rural	Pública	11,5	11,8	11,4	11,7	11,2	14,2	11,0	11,2	11,2	11,0	11,6	14,3	14,2	14,3	14,1	10,0	20,0	21,5	20,0	18,7	--	15,7
2024	Espírito Santo	Total	Total	15,8	14,1	17,3	23,0	21,5	26,3	20,4	20,4	21,5	22,6	22,7	26,4	26,4	26,3	25,9	14,2	30,1	32,9	30,1	27,4	22,9	17,6
2024	Espírito Santo	Urbana	Total	16,0	14,2	17,8	24,0	22,1	27,1	21,0	20,9	22,1	23,2	23,4	27,1	27,2	27,1	26,9	15,5	30,2	32,9	30,2	27,5	24,4	17,6
2024	Espírito Santo	Rural	Total	13,5	11,9	14,1	16,2	15,5	19,2	14,9	14,5	15,6	16,6	15,7	20,0	19,6	19,4	17,5	14,0	28,3	32,6	27,6	26,0	19,8	--
2024	Espírito Santo	Total	Federal	15,6	13,0	17,5	--	--	--	--	--	--	--	--	--	--	--	--	--	31,8	36,4	33,5	31,0	24,9	19,5
2024	Espírito Santo	Urbana	Federal	15,6	13,0	17,5	--	--	--	--	--	--	--	--	--	--	--	--	--	31,3	36,2	33,5	31,3	24,4	19,5
2024	Espírito Santo	Rural	Federal	--	--	--	--	--	--	--	--	--	--	--	--	--	--	--	--	33,3	37,1	33,3	30,1	32,0	--
2024	Espírito Santo	Total	Estadual	--	--	--	26,7	21,9	28,7	19,8	19,9	21,5	23,9	24,3	28,2	28,9	28,9	28,7	13,4	30,1	33,1	29,9	26,9	--	--
2024	Espírito Santo	Urbana	Estadual	--	--	--	27,7	22,9	29,2	20,7	20,8	22,3	24,8	25,8	28,7	29,5	29,3	29,3	14,5	30,3	33,2	30,1	27,0	--	--
2024	Espírito Santo	Rural	Estadual	--	--	--	18,2	16,3	21,9	15,4	15,4	17,0	18,6	15,3	22,9	21,3	23,5	20,4	12,7	25,5	28,8	23,4	24,0	--	--
2024	Espírito Santo	Total	Municipal	16,4	14,7	17,8	22,6	21,8	25,4	20,8	20,8	21,9	22,9	22,9	26,1	25,7	25,3	24,3	14,3	--	--	--	--	--	--
2024	Espírito Santo	Urbana	Municipal	16,7	14,9	18,4	23,8	22,6	26,6	21,5	21,5	22,7	23,7	23,9	27,2	26,7	26,5	25,7	16,2	--	--	--	--	--	--
2024	Espírito Santo	Rural	Municipal	13,5	12,1	14,1	15,8	15,4	18,3	14,8	14,5	15,5	16,4	15,8	19,2	19,0	18,2	16,5	14,1	--	--	--	--	--	--
2024	Espírito Santo	Total	Privada	12,0	9,8	14,0	21,6	19,5	25,2	19,0	18,1	19,4	20,3	20,8	24,8	24,9	25,6	25,8	--	29,3	30,5	29,5	29,0	17,3	12,1
2024	Espírito Santo	Urbana	Privada	12,0	9,9	14,0	21,6	19,5	25,3	19,0	18,1	19,4	20,3	20,8	24,8	24,9	25,6	25,9	--	29,4	30,0	29,4	29,4	--	12,1
2024	Espírito Santo	Rural	Privada	6,9	6,9	--	24,6	--	24,6	--	--	--	--	--	24,1	24,3	26,4	23,7	--	27,9	35,6	30,3	24,1	17,3	--
2024	Espírito Santo	Total	Pública	16,4	14,7	17,8	23,2	21,9	26,4	20,7	20,8	21,9	23,0	23,0	26,6	26,6	26,4	25,9	14,2	30,3	33,3	30,1	27,2	24,9	19,5
2024	Espírito Santo	Urbana	Pública	16,7	14,9	18,4	24,5	22,6	27,4	21,5	21,5	22,7	23,7	24,0	27,5	27,6	27,4	27,1	15,5	30,3	33,3	30,3	27,3	24,4	19,5
2024	Espírito Santo	Rural	Pública	13,5	12,1	14,1	16,1	15,5	18,9	14,9	14,5	15,6	16,6	15,7	19,8	19,4	19,1	17,3	14,0	28,5	31,8	26,9	26,6	32,0	--
2024	Rio de Janeiro	Total	Total	15,3	14,1	16,5	23,2	21,0	27,1	19,2	20,1	21,5	22,4	22,3	26,4	27,4	27,5	27,4	16,9	27,5	30,4	26,6	25,3	17,9	20,3
2024	Rio de Janeiro	Urbana	Total	15,5	14,2	16,6	23,5	21,3	27,4	19,4	20,3	21,8	22,6	22,6	26,5	27,7	27,8	27,7	19,0	27,7	30,6	26,8	25,5	17,9	20,3
2024	Rio de Janeiro	Rural	Total	13,7	12,0	15,0	18,4	17,4	22,4	16,3	17,3	17,7	18,1	18,0	23,5	22,8	22,0	20,9	13,3	22,4	25,5	21,8	19,3	--	--
2024	Rio de Janeiro	Total	Federal	12,6	10,1	14,2	26,0	23,0	28,3	18,7	23,3	24,2	24,8	24,1	27,0	29,2	28,7	28,5	--	26,4	30,4	29,0	23,9	12,1	22,7
2024	Rio de Janeiro	Urbana	Federal	12,6	10,1	14,2	26,0	23,0	28,3	18,7	23,3	24,2	24,8	24,1	27,0	29,2	28,7	28,5	--	26,4	30,3	28,9	24,2	12,1	22,7
2024	Rio de Janeiro	Rural	Federal	--	--	--	--	--	--	--	--	--	--	--	--	--	--	--	--	28,1	33,4	31,0	17,6	--	--
2024	Rio de Janeiro	Total	Estadual	12,9	10,8	13,6	28,9	16,5	29,9	17,4	15,1	15,1	15,9	20,9	28,3	29,3	31,0	30,9	17,6	28,4	31,6	27,2	25,6	--	6,6
2024	Rio de Janeiro	Urbana	Estadual	12,9	10,8	13,6	29,2	18,0	30,3	19,0	15,8	19,8	15,9	20,9	28,6	29,7	31,4	31,4	17,6	28,7	31,9	27,5	26,0	--	6,6
2024	Rio de Janeiro	Rural	Estadual	--	--	--	22,7	5,4	23,5	1,0	5,0	6,1	--	--	24,1	24,3	23,7	22,0	18,9	22,3	25,4	21,6	19,4	--	--
2024	Rio de Janeiro	Total	Municipal	17,9	16,4	19,0	25,7	24,3	29,4	22,0	23,1	24,5	26,1	26,1	28,5	30,1	29,8	29,5	16,9	23,1	26,7	21,2	21,6	17,5	--
2024	Rio de Janeiro	Urbana	Municipal	18,4	16,9	19,5	26,6	25,0	30,0	22,6	23,7	25,2	26,9	26,9	28,8	30,7	30,5	30,3	20,4	23,1	26,7	21,2	21,6	17,5	--
2024	Rio de Janeiro	Rural	Municipal	13,8	12,1	15,3	18,3	17,7	22,2	16,5	17,6	18,1	18,4	18,2	23,5	22,6	21,8	20,7	13,1	--	--	--	--	--	--
2024	Rio de Janeiro	Total	Privada	12,4	11,9	13,0	18,4	16,4	22,6	15,4	15,6	17,0	17,2	16,9	22,4	22,7	22,6	22,7	15,0	25,0	26,5	24,5	24,4	25,0	18,8
2024	Rio de Janeiro	Urbana	Privada	12,4	11,9	13,0	18,4	16,4	22,6	15,4	15,6	17,0	17,2	16,9	22,4	22,7	22,6	22,7	15,0	25,0	26,6	24,5	24,5	25,0	18,8
2024	Rio de Janeiro	Rural	Privada	11,5	10,6	12,4	16,3	14,7	20,6	14,1	13,8	15,0	15,4	15,4	21,4	20,7	20,1	20,0	--	20,0	22,6	20,6	16,8	--	--
2024	Rio de Janeiro	Total	Pública	17,9	16,3	19,0	26,1	24,2	29,5	22,0	23,1	24,5	26,0	26,0	28,4	29,9	30,1	29,9	17,0	28,2	31,5	27,2	25,5	12,6	21,8
2024	Rio de Janeiro	Urbana	Pública	18,3	16,8	19,5	26,8	25,0	30,1	22,6	23,7	25,2	26,8	26,9	28,8	30,4	30,7	30,6	19,4	28,5	31,8	27,5	25,9	12,6	21,8
2024	Rio de Janeiro	Rural	Pública	13,8	12,1	15,3	18,5	17,7	22,5	16,5	17,6	17,9	18,4	18,2	23,6	22,9	22,2	21,0	13,3	22,5	25,7	21,9	19,4	--	--
2024	São Paulo	Total	Total	14,9	12,5	18,5	25,1	23,2	28,3	21,9	22,5	23,6	23,9	24,3	27,7	28,4	28,4	28,5	12,4	30,5	31,8	30,5	29,5	30,9	12,7
2024	São Paulo	Urbana	Total	14,9	12,5	18,6	25,3	23,3	28,4	21,9	22,6	23,7	24,0	24,4	27,8	28,5	28,5	28,6	12,1	30,6	31,9	30,6	29,6	30,9	14,2
2024	São Paulo	Rural	Total	14,6	12,1	16,1	19,2	18,7	23,0	18,0	18,5	18,8	19,4	18,8	22,8	23,5	23,1	22,5	12,6	23,6	26,0	24,8	22,9	--	9,1
2024	São Paulo	Total	Federal	13,7	11,1	18,4	26,5	19,0	32,8	20,0	20,0	20,0	20,0	15,0	30,3	32,3	33,3	35,3	--	38,8	40,8	37,8	35,5	35,6	177,5
2024	São Paulo	Urbana	Federal	16,0	13,3	20,9	26,5	19,0	32,8	20,0	20,0	20,0	20,0	15,0	30,3	32,3	33,3	35,3	--	38,8	40,8	37,8	35,5	35,6	177,5
2024	São Paulo	Rural	Federal	9,3	7,3	13,5	--	--	--	--	--	--	--	--	--	--	--	--	--	--	--	--	--	--	--
2024	São Paulo	Total	Estadual	6,7	6,8	6,6	30,1	27,9	31,3	27,6	27,7	28,2	27,9	28,2	30,6	31,6	31,5	31,4	8,4	31,5	33,1	31,5	30,3	26,0	9,9
2024	São Paulo	Urbana	Estadual	8,1	7,2	11,0	30,3	28,1	31,4	27,7	27,9	28,4	28,1	28,3	30,8	31,8	31,7	31,5	8,6	31,7	33,3	31,6	30,4	26,0	10,3
2024	São Paulo	Rural	Estadual	3,5	4,0	3,3	20,5	17,1	24,0	17,0	16,4	17,4	18,1	16,4	24,2	24,2	24,4	23,1	8,3	23,4	25,6	24,7	22,8	--	9,1
2024	São Paulo	Total	Municipal	18,3	15,1	21,5	25,2	24,6	27,6	23,2	24,0	25,0	25,3	25,5	27,7	27,7	27,6	27,5	14,0	28,7	30,6	28,9	26,8	25,0	--
2024	São Paulo	Urbana	Municipal	18,4	15,1	21,7	25,4	24,8	27,8	23,4	24,2	25,2	25,5	25,8	27,9	27,9	27,8	27,6	13,2	28,7	30,6	28,8	26,9	25,0	--
2024	São Paulo	Rural	Municipal	15,0	11,9	16,6	18,2	18,7	20,1	17,9	18,6	18,8	19,4	19,0	19,4	21,2	19,9	19,9	14,2	26,4	35,0	35,0	20,7	--	--
2024	São Paulo	Total	Privada	11,2	10,7	12,7	19,8	17,7	23,2	16,3	16,6	17,9	18,6	19,2	22,6	23,1	23,4	23,8	13,6	26,3	26,8	26,1	26,0	22,5	21,4
2024	São Paulo	Urbana	Privada	11,2	10,6	12,7	19,8	17,6	23,2	16,3	16,5	17,9	18,6	19,2	22,6	23,1	23,4	23,8	13,6	26,3	26,7	26,1	26,0	22,5	21,4
2024	São Paulo	Rural	Privada	14,3	13,7	15,2	22,9	20,7	27,3	19,4	20,6	20,7	22,0	20,8	25,7	27,5	27,1	29,4	14,4	27,8	30,7	27,6	24,9	--	--
2024	São Paulo	Total	Pública	18,3	15,0	21,5	27,1	25,3	30,1	24,1	24,8	25,7	25,9	26,1	29,7	30,4	30,2	30,1	12,1	31,5	33,1	31,4	30,3	32,1	11,5
2024	São Paulo	Urbana	Pública	18,4	15,1	21,7	27,4	25,5	30,3	24,3	25,0	25,9	26,1	26,3	29,8	30,5	30,4	30,3	11,1	31,7	33,3	31,6	30,4	32,1	12,7
2024	São Paulo	Rural	Pública	14,7	11,7	16,2	18,9	18,5	22,6	17,8	18,4	18,7	19,2	18,7	22,5	23,2	22,8	22,0	12,6	23,4	25,7	24,7	22,7	--	9,1
2024	Paraná	Total	Total	15,2	13,2	17,3	23,1	21,3	26,4	20,0	21,0	21,5	21,7	22,5	25,0	26,0	27,4	27,3	11,9	27,6	29,5	27,4	26,1	21,9	19,0
2024	Paraná	Urbana	Total	15,2	13,2	17,6	23,8	21,8	27,1	20,5	21,4	22,0	22,1	23,1	25,5	26,6	28,2	28,1	12,2	28,2	30,2	28,1	26,8	22,0	19,0
2024	Paraná	Rural	Total	13,4	10,6	13,9	15,1	15,1	16,8	13,8	15,4	15,3	15,8	15,5	16,7	17,3	16,7	16,4	11,8	18,1	19,5	18,4	16,5	15,0	--
2024	Paraná	Total	Federal	--	--	--	29,3	--	29,3	--	--	--	--	--	30,3	30,0	31,0	26,6	--	28,4	33,5	31,9	27,4	22,3	14,8
2024	Paraná	Urbana	Federal	--	--	--	29,3	--	29,3	--	--	--	--	--	30,3	30,0	31,0	26,6	--	28,4	33,7	32,2	27,2	22,4	14,8
2024	Paraná	Rural	Federal	--	--	--	--	--	--	--	--	--	--	--	--	--	--	--	--	28,3	29,0	27,5	30,3	22,0	--
2024	Paraná	Total	Estadual	9,1	--	9,1	26,6	11,2	27,0	10,0	11,5	11,5	10,7	12,5	25,5	26,6	28,2	28,0	11,3	27,1	29,2	27,0	25,2	21,9	--
2024	Paraná	Urbana	Estadual	11,1	--	11,1	27,8	16,5	27,9	14,9	16,1	16,2	17,2	17,7	26,2	27,3	29,1	29,0	12,7	27,8	30,0	27,7	25,9	22,0	--
2024	Paraná	Rural	Estadual	8,8	--	8,8	15,5	9,9	16,8	8,8	10,4	10,3	9,0	11,1	16,7	17,4	16,8	16,4	10,8	18,0	19,4	18,2	16,3	8,0	--
2024	Paraná	Total	Municipal	16,3	14,1	18,6	22,0	22,2	28,3	20,8	21,9	22,4	22,7	23,5	28,8	29,2	28,9	26,4	12,1	--	--	--	--	--	--
2024	Paraná	Urbana	Municipal	16,5	14,2	19,0	22,8	22,8	32,1	21,5	22,5	23,0	23,2	24,2	33,8	33,3	32,5	29,5	12,1	--	--	--	--	--	--
2024	Paraná	Rural	Municipal	13,7	10,7	14,3	14,8	15,5	14,7	14,1	15,8	15,8	16,4	15,9	14,4	14,3	16,3	13,8	12,1	--	--	--	--	--	--
2024	Paraná	Total	Privada	12,0	11,1	13,3	19,6	17,5	23,3	16,9	16,8	17,6	17,9	18,5	22,5	22,9	23,7	24,1	10,6	30,8	30,6	29,6	32,7	17,0	28,0
2024	Paraná	Urbana	Privada	12,0	11,1	13,3	19,6	17,5	23,3	16,8	16,8	17,6	17,9	18,5	22,5	23,0	23,7	24,1	7,2	31,0	30,7	29,7	32,9	17,0	28,0
2024	Paraná	Rural	Privada	10,3	7,6	11,3	17,9	17,3	18,7	23,0	15,5	16,0	18,5	13,5	30,5	16,0	15,3	19,0	19,0	18,6	17,4	22,6	17,1	--	--
2024	Paraná	Total	Pública	16,3	14,1	18,5	23,8	22,1	27,0	20,7	21,8	22,3	22,5	23,4	25,5	26,6	28,2	28,0	11,9	27,1	29,3	27,1	25,2	22,0	14,8
2024	Paraná	Urbana	Pública	16,5	14,2	19,0	24,8	22,8	27,9	21,5	22,4	23,0	23,2	24,2	26,2	27,4	29,2	29,0	12,3	27,8	30,1	27,8	25,9	22,0	14,8
2024	Paraná	Rural	Pública	13,5	10,7	13,9	15,1	15,1	16,8	13,8	15,3	15,3	15,7	15,5	16,6	17,3	16,8	16,4	11,8	18,1	19,5	18,3	16,5	15,0	--
2024	Santa Catarina	Total	Total	13,2	11,0	16,5	22,8	21,6	24,8	20,4	21,2	21,7	22,2	22,8	25,3	25,1	24,6	24,2	12,7	26,3	28,5	25,6	24,8	16,2	11,9
2024	Santa Catarina	Urbana	Total	13,2	11,0	16,7	23,7	22,4	25,7	21,1	21,8	22,4	23,0	23,7	26,1	25,9	25,5	25,2	15,8	26,6	28,8	25,9	25,2	16,6	11,9
2024	Santa Catarina	Rural	Total	12,9	11,1	14,1	15,5	15,6	16,0	15,2	15,8	15,8	15,9	15,3	17,0	16,4	15,8	14,7	11,8	19,1	21,3	18,9	17,2	6,8	--
2024	Santa Catarina	Total	Federal	10,3	7,2	12,2	24,0	23,1	25,2	17,7	24,7	24,7	24,0	24,3	24,3	26,3	24,3	25,7	--	28,1	33,6	29,5	23,7	16,9	--
2024	Santa Catarina	Urbana	Federal	10,3	7,2	12,2	24,0	23,1	25,2	17,7	24,7	24,7	24,0	24,3	24,3	26,3	24,3	25,7	--	28,0	33,4	29,8	23,7	16,9	--
2024	Santa Catarina	Rural	Federal	--	--	--	--	--	--	--	--	--	--	--	--	--	--	--	--	29,1	35,4	27,3	24,2	--	--
2024	Santa Catarina	Total	Estadual	18,3	15,0	21,7	23,6	22,6	24,4	21,2	22,6	22,2	22,8	24,2	24,9	24,6	24,2	24,1	11,4	25,8	28,1	24,9	23,9	16,1	18,8
2024	Santa Catarina	Urbana	Estadual	18,3	15,0	21,7	24,7	23,5	25,5	22,2	23,3	23,0	23,7	25,2	25,9	25,6	25,2	25,1	11,6	26,1	28,4	25,2	24,2	16,6	18,8
2024	Santa Catarina	Rural	Estadual	--	--	--	14,7	15,1	14,9	14,5	16,3	14,9	14,6	15,4	15,7	15,0	14,8	13,8	11,4	17,5	19,4	17,5	15,6	4,5	--
2024	Santa Catarina	Total	Municipal	13,6	11,2	17,3	22,8	21,9	25,3	20,8	21,4	22,1	22,6	22,8	26,2	25,8	25,1	24,1	13,3	14,5	14,3	14,1	16,7	9,0	--
2024	Santa Catarina	Urbana	Municipal	13,6	11,2	17,7	24,0	22,9	26,4	21,6	22,3	23,1	23,7	24,1	27,1	26,9	26,2	25,3	18,1	37,3	32,5	36,0	43,5	--	--
2024	Santa Catarina	Rural	Municipal	12,9	10,9	14,1	15,7	15,6	16,8	15,2	15,6	16,0	16,2	15,2	18,0	17,4	16,5	15,1	12,1	6,5	7,0	5,4	6,0	9,0	--
2024	Santa Catarina	Total	Privada	11,8	10,6	13,5	21,1	19,5	24,2	18,6	18,8	19,7	20,0	20,6	23,6	24,1	24,3	25,1	11,3	29,7	30,3	29,2	32,0	6,0	11,3
2024	Santa Catarina	Urbana	Privada	11,8	10,5	13,5	21,1	19,5	24,2	18,6	18,8	19,7	20,0	20,5	23,6	24,1	24,3	25,0	11,3	29,5	30,2	29,1	31,8	6,0	11,3
2024	Santa Catarina	Rural	Privada	12,9	12,8	13,5	22,6	19,3	29,1	18,0	15,8	20,3	19,8	26,5	26,3	27,5	27,0	35,8	--	44,0	37,4	43,2	60,7	--	--
2024	Santa Catarina	Total	Pública	13,6	11,2	17,3	23,1	22,1	24,9	20,9	21,7	22,1	22,7	23,2	25,5	25,2	24,6	24,1	12,8	25,8	28,2	25,1	23,8	16,3	18,8
2024	Santa Catarina	Urbana	Pública	13,6	11,2	17,7	24,2	23,0	25,9	21,8	22,5	23,1	23,7	24,4	26,5	26,2	25,7	25,2	16,9	26,2	28,6	25,4	24,2	16,7	18,8
2024	Santa Catarina	Rural	Pública	12,9	10,9	14,1	15,4	15,5	15,9	15,1	15,8	15,8	15,9	15,2	16,9	16,3	15,7	14,5	11,8	18,1	20,4	17,9	16,0	6,8	--
2024	Rio Grande do Sul	Total	Total	13,0	11,2	15,1	19,6	19,2	20,9	18,0	18,5	20,0	19,7	19,6	21,3	21,2	20,9	20,1	11,1	22,1	24,5	21,7	19,9	16,6	26,8
2024	Rio Grande do Sul	Urbana	Total	13,1	11,2	15,6	20,8	20,2	21,9	19,0	19,4	21,1	20,6	20,7	22,3	22,2	21,9	21,2	14,0	22,3	24,7	21,9	20,1	16,1	26,8
2024	Rio Grande do Sul	Rural	Total	10,9	9,9	11,0	12,1	12,0	13,2	11,5	11,5	12,6	12,6	11,8	13,7	13,7	13,2	12,0	10,6	19,0	20,8	18,6	16,9	23,4	--
2024	Rio Grande do Sul	Total	Federal	6,1	4,4	8,8	29,1	20,4	30,2	20,0	20,0	22,0	20,0	20,0	30,1	30,0	31,5	29,2	--	27,4	33,9	29,5	22,8	17,3	--
2024	Rio Grande do Sul	Urbana	Federal	6,1	4,4	8,8	29,1	20,4	30,2	20,0	20,0	22,0	20,0	20,0	30,1	30,0	31,5	29,2	--	26,6	33,9	29,4	21,6	16,5	--
2024	Rio Grande do Sul	Rural	Federal	--	--	--	--	--	--	--	--	--	--	--	--	--	--	--	--	30,6	33,7	30,1	27,4	31,6	--
2024	Rio Grande do Sul	Total	Estadual	9,8	11,3	9,8	19,1	18,9	20,5	17,9	18,0	20,0	19,1	19,1	20,6	20,7	20,7	20,1	10,6	21,3	23,8	20,9	19,0	16,2	93,8
2024	Rio Grande do Sul	Urbana	Estadual	12,3	11,3	12,4	20,1	19,3	21,0	18,4	18,4	20,5	19,5	19,7	21,1	21,2	21,2	20,7	12,3	21,6	24,0	21,1	19,2	15,7	93,8
2024	Rio Grande do Sul	Rural	Estadual	9,1	--	9,1	11,8	12,0	13,7	11,0	11,2	12,7	13,0	12,1	13,9	14,1	13,7	12,9	10,2	17,0	18,8	16,4	15,1	20,8	--
2024	Rio Grande do Sul	Total	Municipal	13,7	11,8	15,7	19,0	18,8	20,2	17,6	18,1	19,7	19,4	19,1	20,9	20,8	20,0	18,8	11,3	20,2	24,2	18,1	18,3	18,9	--
2024	Rio Grande do Sul	Urbana	Municipal	14,0	11,9	16,5	20,7	20,2	21,7	18,8	19,4	21,2	20,8	20,7	22,4	22,2	21,5	20,4	14,3	25,9	32,5	23,6	23,2	18,9	--
2024	Rio Grande do Sul	Rural	Municipal	11,0	10,0	11,1	12,2	12,0	13,0	11,6	11,6	12,6	12,5	11,8	13,7	13,7	13,0	11,7	11,0	8,3	8,6	8,8	7,3	--	--
2024	Rio Grande do Sul	Total	Privada	11,7	10,3	13,8	22,9	21,6	25,1	20,3	21,1	21,7	22,3	22,8	25,1	24,7	25,2	25,5	29,6	25,8	26,9	25,4	25,2	18,3	24,1
2024	Rio Grande do Sul	Urbana	Privada	11,7	10,3	13,9	23,0	21,7	25,2	20,3	21,1	21,8	22,4	22,9	25,2	24,8	25,3	25,5	31,5	25,8	26,9	25,4	25,3	18,3	24,1
2024	Rio Grande do Sul	Rural	Privada	10,3	8,2	13,6	9,2	9,0	9,0	11,3	10,2	8,8	7,8	6,8	8,0	9,3	9,3	10,0	12,5	23,9	24,9	25,3	21,1	--	--
2024	Rio Grande do Sul	Total	Pública	13,7	11,8	15,6	19,1	18,8	20,3	17,7	18,1	19,8	19,3	19,1	20,8	20,8	20,3	19,4	10,9	21,6	24,2	21,2	19,2	16,6	93,8
2024	Rio Grande do Sul	Urbana	Pública	14,0	11,9	16,5	20,5	19,9	21,4	18,7	19,1	21,0	20,3	20,4	21,8	21,8	21,4	20,6	13,0	21,8	24,4	21,4	19,3	16,1	93,8
2024	Rio Grande do Sul	Rural	Pública	10,9	10,0	11,0	12,1	12,0	13,2	11,5	11,5	12,6	12,6	11,9	13,7	13,8	13,2	12,0	10,6	18,8	20,7	18,3	16,8	23,4	--
2024	Mato Grosso do Sul	Total	Total	17,2	15,9	18,5	24,3	23,1	26,9	21,7	23,0	23,3	24,1	23,9	26,2	26,9	27,2	27,1	15,9	28,6	30,0	28,5	27,5	30,6	23,7
2024	Mato Grosso do Sul	Urbana	Total	17,3	15,9	18,7	25,3	23,8	27,9	22,4	23,4	23,9	24,8	24,7	27,1	27,8	28,3	28,2	20,4	29,2	30,5	29,2	28,3	29,9	23,5
2024	Mato Grosso do Sul	Rural	Total	15,3	12,7	15,8	18,2	18,2	19,7	16,3	19,1	18,5	18,7	18,2	20,2	20,4	19,4	18,6	14,8	22,3	24,4	21,2	20,0	35,0	24,7
2024	Mato Grosso do Sul	Total	Federal	--	--	--	31,3	--	31,3	--	--	--	--	--	33,0	30,5	33,0	29,4	--	32,3	36,8	32,5	36,3	--	23,5
2024	Mato Grosso do Sul	Urbana	Federal	--	--	--	31,3	--	31,3	--	--	--	--	--	33,0	30,5	33,0	29,4	--	31,8	36,2	33,1	36,8	--	17,5
2024	Mato Grosso do Sul	Rural	Federal	--	--	--	--	--	--	--	--	--	--	--	--	--	--	--	--	34,9	42,8	27,3	34,0	--	35,1
2024	Mato Grosso do Sul	Total	Estadual	22,1	20,0	25,7	28,9	22,9	29,8	18,8	20,8	20,3	23,9	24,6	29,0	29,7	30,2	30,3	20,5	28,6	30,1	28,6	27,3	30,6	23,6
2024	Mato Grosso do Sul	Urbana	Estadual	22,1	20,0	25,7	30,1	26,0	30,5	24,5	23,8	25,1	26,0	26,6	29,9	30,3	30,9	30,9	24,2	29,5	30,8	29,4	28,3	29,9	24,8
2024	Mato Grosso do Sul	Rural	Estadual	--	--	--	18,8	17,7	20,5	16,8	18,9	18,0	17,9	16,7	18,9	21,1	20,3	21,4	12,6	20,7	23,1	20,6	18,6	35,0	14,3
2024	Mato Grosso do Sul	Total	Municipal	18,9	17,8	19,8	24,7	24,7	26,0	23,2	24,6	24,9	25,8	25,6	26,3	26,6	26,2	24,3	14,8	26,0	31,0	18,0	32,0	--	--
2024	Mato Grosso do Sul	Urbana	Municipal	19,1	17,9	20,4	26,2	25,7	28,0	24,1	25,4	25,8	26,9	26,8	27,9	28,5	28,4	27,0	13,3	--	--	--	--	--	--
2024	Mato Grosso do Sul	Rural	Municipal	15,3	12,3	15,7	18,0	18,2	19,2	16,3	19,2	18,5	18,8	18,4	20,4	20,1	18,8	17,1	14,9	26,0	31,0	18,0	32,0	--	--
2024	Mato Grosso do Sul	Total	Privada	12,0	10,5	13,7	18,0	16,5	20,7	16,2	15,8	16,5	17,0	17,1	20,3	20,2	21,0	21,4	--	26,9	26,9	27,2	26,5	--	40,0
2024	Mato Grosso do Sul	Urbana	Privada	12,0	10,4	13,7	17,9	16,5	20,6	16,2	15,7	16,4	17,0	17,1	20,2	20,1	20,9	21,4	--	26,8	26,6	27,1	26,5	--	40,0
2024	Mato Grosso do Sul	Rural	Privada	15,2	14,7	18,0	26,4	21,4	32,6	9,0	20,0	27,5	27,0	23,5	31,0	34,0	34,5	31,0	--	31,8	38,3	30,5	26,5	--	--
2024	Mato Grosso do Sul	Total	Pública	18,9	17,8	19,9	25,7	24,7	28,1	23,1	24,5	24,8	25,7	25,5	27,5	28,2	28,4	28,1	15,9	28,8	30,4	28,7	27,7	30,6	23,6
2024	Mato Grosso do Sul	Urbana	Pública	19,1	17,9	20,4	27,1	25,7	29,5	24,1	25,3	25,8	26,8	26,8	28,8	29,5	29,9	29,7	20,4	29,6	31,1	29,6	28,6	29,9	23,3
2024	Mato Grosso do Sul	Rural	Pública	15,3	12,3	15,7	18,1	18,1	19,6	16,4	19,1	18,4	18,7	18,2	20,0	20,3	19,2	18,5	14,8	22,0	23,9	20,8	19,7	35,0	24,7
2024	Mato Grosso	Total	Total	18,7	17,6	19,6	22,5	22,0	25,6	20,8	21,0	22,0	23,1	23,2	25,0	25,9	25,4	25,9	13,2	25,6	26,8	27,0	25,3	22,4	13,7
2024	Mato Grosso	Urbana	Total	19,1	17,7	20,4	24,2	22,8	26,5	21,7	21,7	22,8	23,9	24,2	26,0	26,8	26,4	27,0	12,2	27,4	27,9	27,9	26,8	21,0	16,8
2024	Mato Grosso	Rural	Total	14,3	14,1	14,4	15,1	15,7	17,5	14,4	15,0	15,7	17,2	16,5	17,5	18,3	16,9	17,1	13,3	16,3	18,9	19,0	15,4	24,5	12,9
2024	Mato Grosso	Total	Federal	--	--	--	--	--	--	--	--	--	--	--	--	--	--	--	--	29,1	32,2	28,3	26,9	21,0	--
2024	Mato Grosso	Urbana	Federal	--	--	--	--	--	--	--	--	--	--	--	--	--	--	--	--	29,5	32,7	28,6	27,6	21,0	--
2024	Mato Grosso	Rural	Federal	--	--	--	--	--	--	--	--	--	--	--	--	--	--	--	--	27,8	30,8	27,5	24,3	--	--
2024	Mato Grosso	Total	Estadual	--	--	--	25,1	21,3	26,9	18,4	19,3	19,4	22,7	23,2	26,6	27,1	26,7	27,0	13,1	25,5	26,8	27,2	25,2	24,5	13,6
2024	Mato Grosso	Urbana	Estadual	--	--	--	27,4	25,1	27,8	22,9	22,9	23,7	26,1	26,2	27,7	28,0	27,6	28,0	12,9	27,7	28,2	28,4	27,0	--	16,3
2024	Mato Grosso	Rural	Estadual	--	--	--	15,4	14,3	18,2	14,2	14,6	13,6	14,6	14,8	18,5	18,5	17,9	17,7	13,1	15,3	17,4	17,8	14,4	24,5	12,9
2024	Mato Grosso	Total	Municipal	19,8	18,9	20,6	22,2	23,1	23,3	21,9	22,1	23,1	24,2	24,4	23,9	23,8	22,0	21,7	13,3	--	--	--	--	--	--
2024	Mato Grosso	Urbana	Municipal	20,4	19,0	21,7	24,2	24,1	26,1	23,1	23,1	24,1	25,1	25,5	25,8	26,3	26,9	26,4	11,2	--	--	--	--	--	--
2024	Mato Grosso	Rural	Municipal	14,4	14,3	14,4	15,0	16,0	16,3	14,4	15,1	16,2	17,8	16,9	16,3	17,8	15,2	15,8	13,4	--	--	--	--	--	--
2024	Mato Grosso	Total	Privada	13,1	11,3	14,6	18,4	17,1	21,0	16,2	16,1	17,3	18,2	18,0	20,5	21,0	20,6	21,9	11,0	24,4	24,1	24,3	25,0	--	23,2
2024	Mato Grosso	Urbana	Privada	13,1	11,3	14,6	18,5	17,1	21,0	16,2	16,1	17,3	18,3	18,1	20,5	21,0	20,7	21,9	11,0	24,5	24,1	24,3	25,2	--	23,2
2024	Mato Grosso	Rural	Privada	9,6	8,0	11,3	12,9	13,2	12,7	13,0	12,0	19,0	10,0	12,0	11,0	17,0	11,0	14,0	--	7,3	11,0	--	5,5	--	--
2024	Mato Grosso	Total	Pública	19,8	18,9	20,6	23,3	23,0	26,3	21,8	22,0	22,9	24,1	24,2	25,9	26,7	26,2	26,6	13,2	25,7	27,1	27,3	25,3	22,4	13,6
2024	Mato Grosso	Urbana	Pública	20,4	19,0	21,7	25,4	24,2	27,6	23,1	23,1	24,1	25,2	25,6	27,2	27,9	27,5	27,9	12,2	27,8	28,4	28,4	27,0	21,0	16,3
2024	Mato Grosso	Rural	Pública	14,4	14,3	14,4	15,1	15,7	17,5	14,4	15,1	15,7	17,2	16,5	17,6	18,3	17,0	17,2	13,3	16,3	18,9	19,0	15,5	24,5	12,9
2024	Goiás	Total	Total	17,3	15,6	18,6	24,1	22,0	28,1	20,5	20,9	22,5	23,1	23,0	27,9	28,2	28,2	28,1	11,3	28,7	30,3	28,3	27,1	18,5	32,8
2024	Goiás	Urbana	Total	17,5	15,6	19,0	24,9	22,5	29,0	21,0	21,4	23,1	23,7	23,7	28,7	29,1	29,1	29,0	13,9	29,3	30,9	28,9	27,8	18,5	32,8
2024	Goiás	Rural	Total	12,2	15,3	12,0	12,8	12,7	13,8	12,5	12,3	13,3	13,3	12,3	13,9	14,1	14,2	12,9	10,8	15,9	17,7	15,6	14,2	--	--
2024	Goiás	Total	Federal	5,3	3,9	7,3	26,4	24,1	29,4	16,5	20,5	24,5	30,0	29,0	29,5	30,0	29,5	28,5	--	26,3	31,8	24,9	22,7	19,8	--
2024	Goiás	Urbana	Federal	5,3	3,9	7,3	26,4	24,1	29,4	16,5	20,5	24,5	30,0	29,0	29,5	30,0	29,5	28,5	--	26,7	33,3	24,9	23,2	19,8	--
2024	Goiás	Rural	Federal	--	--	--	--	--	--	--	--	--	--	--	--	--	--	--	--	25,1	28,2	24,9	21,5	--	--
2024	Goiás	Total	Estadual	8,0	8,0	--	30,6	22,2	30,9	19,5	19,7	22,4	26,8	20,8	30,8	31,0	30,9	30,8	11,0	29,1	30,7	28,8	27,4	--	29,5
2024	Goiás	Urbana	Estadual	8,0	8,0	--	31,3	24,6	31,4	19,5	26,0	22,4	26,8	25,7	31,2	31,4	31,4	31,4	12,7	29,7	31,4	29,4	28,1	--	29,5
2024	Goiás	Rural	Estadual	--	--	--	15,1	6,3	16,4	--	7,0	--	--	6,0	16,6	18,3	16,2	15,0	10,4	13,6	15,1	13,0	12,5	--	--
2024	Goiás	Total	Municipal	19,0	17,4	20,1	24,0	23,8	26,0	22,2	22,7	24,4	25,1	24,8	26,8	26,6	25,7	24,1	11,7	19,5	21,4	20,0	16,1	--	--
2024	Goiás	Urbana	Municipal	19,3	17,4	20,8	25,3	24,7	28,5	23,0	23,6	25,4	26,1	26,0	29,0	29,1	28,2	27,3	16,7	24,0	24,5	25,1	21,5	--	--
2024	Goiás	Rural	Municipal	12,2	16,1	11,9	12,3	12,7	12,3	12,3	12,3	13,3	13,2	12,2	12,6	12,2	12,8	11,4	10,8	7,6	11,0	6,3	5,3	--	--
2024	Goiás	Total	Privada	13,7	11,9	15,1	18,8	17,0	22,9	16,4	16,2	17,3	17,7	17,7	23,0	23,0	22,8	22,7	6,2	27,4	27,8	26,7	27,0	7,0	33,0
2024	Goiás	Urbana	Privada	13,7	11,9	15,1	18,8	17,0	22,9	16,4	16,2	17,3	17,7	17,7	23,0	23,0	22,8	22,7	6,2	27,5	27,9	26,8	27,2	7,0	33,0
2024	Goiás	Rural	Privada	14,3	12,9	15,4	19,0	16,8	23,2	18,0	13,4	17,4	16,2	18,8	25,3	23,3	23,0	21,8	--	22,4	23,3	24,1	19,5	--	--
2024	Goiás	Total	Pública	19,0	17,4	20,1	25,8	23,8	29,4	22,2	22,7	24,4	25,1	24,8	29,2	29,5	29,4	29,3	11,5	28,9	30,7	28,6	27,2	19,8	29,5
2024	Goiás	Urbana	Pública	19,3	17,4	20,8	27,1	24,7	30,6	22,9	23,6	25,4	26,1	26,0	30,4	30,7	30,6	30,6	15,5	29,6	31,4	29,3	27,9	19,8	29,5
2024	Goiás	Rural	Pública	12,2	16,1	11,9	12,7	12,6	13,6	12,3	12,2	13,3	13,2	12,1	13,7	13,9	14,0	12,7	10,8	15,5	17,3	14,9	13,8	--	--
2024	Distrito Federal	Total	Total	16,6	15,6	17,2	22,2	19,6	26,8	18,7	19,0	19,5	20,4	20,7	25,5	27,0	26,7	28,0	17,8	28,9	28,7	29,2	29,3	--	16,7
2024	Distrito Federal	Urbana	Total	16,6	15,6	17,3	22,3	19,7	26,9	18,8	19,0	19,6	20,5	20,8	25,6	27,1	26,9	28,2	17,7	29,1	28,9	29,4	29,6	--	16,7
2024	Distrito Federal	Rural	Total	16,2	13,4	16,5	20,0	18,7	23,1	17,9	18,6	18,8	19,1	19,0	22,3	24,6	22,3	23,3	20,0	23,5	23,5	23,7	23,3	--	--
2024	Distrito Federal	Total	Federal	--	--	--	31,5	--	31,5	--	--	--	--	--	32,4	30,7	31,6	31,4	--	30,2	33,4	29,9	27,2	--	--
2024	Distrito Federal	Urbana	Federal	--	--	--	31,5	--	31,5	--	--	--	--	--	32,4	30,7	31,6	31,4	--	30,2	34,1	29,8	26,6	--	--
2024	Distrito Federal	Rural	Federal	--	--	--	--	--	--	--	--	--	--	--	--	--	--	--	--	30,3	29,9	30,4	30,7	--	--
2024	Distrito Federal	Total	Estadual	18,8	11,3	18,9	22,9	20,4	27,1	19,8	19,9	20,1	21,1	21,2	25,7	27,7	26,8	28,1	18,1	28,5	27,9	28,7	28,9	--	2,0
2024	Distrito Federal	Urbana	Estadual	19,0	14,3	19,0	23,1	20,6	27,4	19,9	20,0	20,2	21,3	21,4	26,0	28,0	27,1	28,4	18,0	28,8	28,2	29,0	29,3	--	2,0
2024	Distrito Federal	Rural	Estadual	16,3	9,9	16,7	19,9	18,8	22,5	17,9	18,8	19,0	19,1	19,0	22,3	23,7	21,3	22,8	20,0	20,7	21,3	21,1	19,4	--	--
2024	Distrito Federal	Total	Privada	15,3	15,6	14,6	20,6	17,8	25,7	16,5	16,8	18,0	18,9	19,4	24,7	24,9	26,3	27,5	13,5	30,3	30,6	30,9	31,0	--	17,1
2024	Distrito Federal	Urbana	Privada	15,3	15,6	14,6	20,6	17,9	25,7	16,5	16,8	18,0	18,9	19,4	24,7	24,8	26,2	27,4	13,5	30,2	30,5	30,9	30,9	--	17,1
2024	Distrito Federal	Rural	Privada	15,3	15,4	15,2	24,8	14,2	34,7	14,3	13,3	10,0	18,0	21,0	--	39,8	34,0	30,5	--	38,6	35,3	38,7	41,7	--	--
2024	Distrito Federal	Total	Pública	18,8	11,3	18,9	22,9	20,4	27,1	19,8	19,9	20,1	21,1	21,2	25,8	27,8	26,8	28,1	18,1	28,5	28,2	28,7	28,8	--	2,0
2024	Distrito Federal	Urbana	Pública	19,0	14,3	19,0	23,1	20,6	27,4	19,9	20,0	20,2	21,3	21,4	26,0	28,0	27,2	28,5	18,0	28,8	28,4	29,0	29,1	--	2,0
2024	Distrito Federal	Rural	Pública	16,3	9,9	16,7	19,9	18,8	22,5	17,9	18,8	19,0	19,1	19,0	22,3	23,7	21,3	22,8	20,0	22,3	22,7	22,6	21,5	--	--
																									
Fonte: Censo da Educação Básica 2024/INEP.																									
Notas: 1) - Inclusive turmas Unificadas.            2) - Indicador calculado para as turmas Multietapa, Multi ou Correção de Fluxo.																									